CNPJ_CIA;DT_REFER;VERSAO;DENOM_CIA;CD_CVM;GRUPO_DFP;MOEDA;ESCALA_MOEDA;ORDEM_EXERC;DT_INI_EXERC;DT_FIM_EXERC;CD_CONTA;DS_CONTA;VL_CONTA;ST_CONTA_FIXA
00.070.698/0001-11;2023-12-31;1;COMPANHIA ENERGÉTICA DE BRASÍLIA - CEB;014451;DF Consolidado - Demonstração do Fluxo de Caixa (Método Direto);REAL;MIL;PENÚLTIMO;2022-01-01;2022-12-31;6.01;Caixa Líquido Atividades Operacionais;198892.0000000000;S
00.070.698/0001-11;2023-12-31;1;COMPANHIA ENERGÉTICA DE BRASÍLIA - CEB;014451;DF Consolidado - Demonstração do Fluxo de Caixa (Método Direto);REAL;MIL;ÚLTIMO;2023-01-01;2023-12-31;6.01;Caixa Líquido Atividades Operacionais;243374.0000000000;S
00.070.698/0001-11;2023-12-31;1;COMPANHIA ENERGÉTICA DE BRASÍLIA - CEB;014451;DF Consolidado - Demonstração do Fluxo de Caixa (Método Direto);REAL;MIL;PENÚLTIMO;2022-01-01;2022-12-31;6.01.01;Recebimento de Consumidores;345792.0000000000;N
00.070.698/0001-11;2023-12-31;1;COMPANHIA ENERGÉTICA DE BRASÍLIA - CEB;014451;DF Consolidado - Demonstração do Fluxo de Caixa (Método Direto);REAL;MIL;ÚLTIMO;2023-01-01;2023-12-31;6.01.01;Recebimento de Consumidores;388346.0000000000;N
00.070.698/0001-11;2023-12-31;1;COMPANHIA ENERGÉTICA DE BRASÍLIA - CEB;014451;DF Consolidado - Demonstração do Fluxo de Caixa (Método Direto);REAL;MIL;PENÚLTIMO;2022-01-01;2022-12-31;6.01.02;Fornecedores - Materiais e Serviços;-62587.0000000000;N
00.070.698/0001-11;2023-12-31;1;COMPANHIA ENERGÉTICA DE BRASÍLIA - CEB;014451;DF Consolidado - Demonstração do Fluxo de Caixa (Método Direto);REAL;MIL;ÚLTIMO;2023-01-01;2023-12-31;6.01.02;Fornecedores - Materiais e Serviços;-82495.0000000000;N
00.070.698/0001-11;2023-12-31;1;COMPANHIA ENERGÉTICA DE BRASÍLIA - CEB;014451;DF Consolidado - Demonstração do Fluxo de Caixa (Método Direto);REAL;MIL;PENÚLTIMO;2022-01-01;2022-12-31;6.01.03;Fornecedores - Energia Elétrica;-23979.0000000000;N
00.070.698/0001-11;2023-12-31;1;COMPANHIA ENERGÉTICA DE BRASÍLIA - CEB;014451;DF Consolidado - Demonstração do Fluxo de Caixa (Método Direto);REAL;MIL;ÚLTIMO;2023-01-01;2023-12-31;6.01.03;Fornecedores - Energia Elétrica;-13300.0000000000;N
00.070.698/0001-11;2023-12-31;1;COMPANHIA ENERGÉTICA DE BRASÍLIA - CEB;014451;DF Consolidado - Demonstração do Fluxo de Caixa (Método Direto);REAL;MIL;PENÚLTIMO;2022-01-01;2022-12-31;6.01.04;Outros;15080.0000000000;N
00.070.698/0001-11;2023-12-31;1;COMPANHIA ENERGÉTICA DE BRASÍLIA - CEB;014451;DF Consolidado - Demonstração do Fluxo de Caixa (Método Direto);REAL;MIL;ÚLTIMO;2023-01-01;2023-12-31;6.01.04;Outros;16541.0000000000;N
00.070.698/0001-11;2023-12-31;1;COMPANHIA ENERGÉTICA DE BRASÍLIA - CEB;014451;DF Consolidado - Demonstração do Fluxo de Caixa (Método Direto);REAL;MIL;PENÚLTIMO;2022-01-01;2022-12-31;6.01.05;Salários e Encargos Sociais;-49752.0000000000;N
00.070.698/0001-11;2023-12-31;1;COMPANHIA ENERGÉTICA DE BRASÍLIA - CEB;014451;DF Consolidado - Demonstração do Fluxo de Caixa (Método Direto);REAL;MIL;ÚLTIMO;2023-01-01;2023-12-31;6.01.05;Salários e Encargos Sociais;-62436.0000000000;N
00.070.698/0001-11;2023-12-31;1;COMPANHIA ENERGÉTICA DE BRASÍLIA - CEB;014451;DF Consolidado - Demonstração do Fluxo de Caixa (Método Direto);REAL;MIL;PENÚLTIMO;2022-01-01;2022-12-31;6.01.06;Rendimento de Aplicações Financeiras;80309.0000000000;N
00.070.698/0001-11;2023-12-31;1;COMPANHIA ENERGÉTICA DE BRASÍLIA - CEB;014451;DF Consolidado - Demonstração do Fluxo de Caixa (Método Direto);REAL;MIL;ÚLTIMO;2023-01-01;2023-12-31;6.01.06;Rendimento de Aplicações Financeiras;85543.0000000000;N
00.070.698/0001-11;2023-12-31;1;COMPANHIA ENERGÉTICA DE BRASÍLIA - CEB;014451;DF Consolidado - Demonstração do Fluxo de Caixa (Método Direto);REAL;MIL;PENÚLTIMO;2022-01-01;2022-12-31;6.01.07;Pagamentos de Encargos da Dívida;-36.0000000000;N
00.070.698/0001-11;2023-12-31;1;COMPANHIA ENERGÉTICA DE BRASÍLIA - CEB;014451;DF Consolidado - Demonstração do Fluxo de Caixa (Método Direto);REAL;MIL;ÚLTIMO;2023-01-01;2023-12-31;6.01.07;Pagamentos de Encargos da Dívida;-42.0000000000;N
00.070.698/0001-11;2023-12-31;1;COMPANHIA ENERGÉTICA DE BRASÍLIA - CEB;014451;DF Consolidado - Demonstração do Fluxo de Caixa (Método Direto);REAL;MIL;PENÚLTIMO;2022-01-01;2022-12-31;6.01.08;Dividendos e Juros Sobre Capital Próprio Recebidos;50950.0000000000;N
00.070.698/0001-11;2023-12-31;1;COMPANHIA ENERGÉTICA DE BRASÍLIA - CEB;014451;DF Consolidado - Demonstração do Fluxo de Caixa (Método Direto);REAL;MIL;ÚLTIMO;2023-01-01;2023-12-31;6.01.08;Dividendos e Juros Sobre Capital Próprio Recebidos;98152.0000000000;N
00.070.698/0001-11;2023-12-31;1;COMPANHIA ENERGÉTICA DE BRASÍLIA - CEB;014451;DF Consolidado - Demonstração do Fluxo de Caixa (Método Direto);REAL;MIL;PENÚLTIMO;2022-01-01;2022-12-31;6.01.09;Impostos e Contribuições;-91304.0000000000;N
00.070.698/0001-11;2023-12-31;1;COMPANHIA ENERGÉTICA DE BRASÍLIA - CEB;014451;DF Consolidado - Demonstração do Fluxo de Caixa (Método Direto);REAL;MIL;ÚLTIMO;2023-01-01;2023-12-31;6.01.09;Impostos e Contribuições;-104745.0000000000;N
00.070.698/0001-11;2023-12-31;1;COMPANHIA ENERGÉTICA DE BRASÍLIA - CEB;014451;DF Consolidado - Demonstração do Fluxo de Caixa (Método Direto);REAL;MIL;PENÚLTIMO;2022-01-01;2022-12-31;6.01.10;Encargos Setoriais;-3863.0000000000;N
00.070.698/0001-11;2023-12-31;1;COMPANHIA ENERGÉTICA DE BRASÍLIA - CEB;014451;DF Consolidado - Demonstração do Fluxo de Caixa (Método Direto);REAL;MIL;ÚLTIMO;2023-01-01;2023-12-31;6.01.10;Encargos Setoriais;-23245.0000000000;N
00.070.698/0001-11;2023-12-31;1;COMPANHIA ENERGÉTICA DE BRASÍLIA - CEB;014451;DF Consolidado - Demonstração do Fluxo de Caixa (Método Direto);REAL;MIL;PENÚLTIMO;2022-01-01;2022-12-31;6.01.11;Comp. Financ. pela utilização de Recursos Hídricos;-5061.0000000000;N
00.070.698/0001-11;2023-12-31;1;COMPANHIA ENERGÉTICA DE BRASÍLIA - CEB;014451;DF Consolidado - Demonstração do Fluxo de Caixa (Método Direto);REAL;MIL;ÚLTIMO;2023-01-01;2023-12-31;6.01.11;Comp. Financ. pela utilização de Recursos Hídricos;-5560.0000000000;N
00.070.698/0001-11;2023-12-31;1;COMPANHIA ENERGÉTICA DE BRASÍLIA - CEB;014451;DF Consolidado - Demonstração do Fluxo de Caixa (Método Direto);REAL;MIL;PENÚLTIMO;2022-01-01;2022-12-31;6.01.12;Depósitos Judiciais;-312.0000000000;N
00.070.698/0001-11;2023-12-31;1;COMPANHIA ENERGÉTICA DE BRASÍLIA - CEB;014451;DF Consolidado - Demonstração do Fluxo de Caixa (Método Direto);REAL;MIL;ÚLTIMO;2023-01-01;2023-12-31;6.01.12;Depósitos Judiciais;0.0000000000;N
00.070.698/0001-11;2023-12-31;1;COMPANHIA ENERGÉTICA DE BRASÍLIA - CEB;014451;DF Consolidado - Demonstração do Fluxo de Caixa (Método Direto);REAL;MIL;PENÚLTIMO;2022-01-01;2022-12-31;6.01.13;Pagamento de Arredamento;-44679.0000000000;N
00.070.698/0001-11;2023-12-31;1;COMPANHIA ENERGÉTICA DE BRASÍLIA - CEB;014451;DF Consolidado - Demonstração do Fluxo de Caixa (Método Direto);REAL;MIL;ÚLTIMO;2023-01-01;2023-12-31;6.01.13;Pagamento de Arredamento;-41287.0000000000;N
00.070.698/0001-11;2023-12-31;1;COMPANHIA ENERGÉTICA DE BRASÍLIA - CEB;014451;DF Consolidado - Demonstração do Fluxo de Caixa (Método Direto);REAL;MIL;PENÚLTIMO;2022-01-01;2022-12-31;6.01.14;Constituição de Caução CCEE;-1747.0000000000;N
00.070.698/0001-11;2023-12-31;1;COMPANHIA ENERGÉTICA DE BRASÍLIA - CEB;014451;DF Consolidado - Demonstração do Fluxo de Caixa (Método Direto);REAL;MIL;ÚLTIMO;2023-01-01;2023-12-31;6.01.14;Constituição de Caução CCEE;-3093.0000000000;N
00.070.698/0001-11;2023-12-31;1;COMPANHIA ENERGÉTICA DE BRASÍLIA - CEB;014451;DF Consolidado - Demonstração do Fluxo de Caixa (Método Direto);REAL;MIL;PENÚLTIMO;2022-01-01;2022-12-31;6.01.15;Liberação de Caução CCEE;764.0000000000;N
00.070.698/0001-11;2023-12-31;1;COMPANHIA ENERGÉTICA DE BRASÍLIA - CEB;014451;DF Consolidado - Demonstração do Fluxo de Caixa (Método Direto);REAL;MIL;ÚLTIMO;2023-01-01;2023-12-31;6.01.15;Liberação de Caução CCEE;211.0000000000;N
00.070.698/0001-11;2023-12-31;1;COMPANHIA ENERGÉTICA DE BRASÍLIA - CEB;014451;DF Consolidado - Demonstração do Fluxo de Caixa (Método Direto);REAL;MIL;PENÚLTIMO;2022-01-01;2022-12-31;6.01.18;Outras Despesas;-10683.0000000000;N
00.070.698/0001-11;2023-12-31;1;COMPANHIA ENERGÉTICA DE BRASÍLIA - CEB;014451;DF Consolidado - Demonstração do Fluxo de Caixa (Método Direto);REAL;MIL;ÚLTIMO;2023-01-01;2023-12-31;6.01.18;Outras Despesas;-9216.0000000000;N
00.070.698/0001-11;2023-12-31;1;COMPANHIA ENERGÉTICA DE BRASÍLIA - CEB;014451;DF Consolidado - Demonstração do Fluxo de Caixa (Método Direto);REAL;MIL;PENÚLTIMO;2022-01-01;2022-12-31;6.01.19;Caixa Líquido Proveniente das (Usado nas) Atividades Operacionais Descontinuadas;0.0000000000;N
00.070.698/0001-11;2023-12-31;1;COMPANHIA ENERGÉTICA DE BRASÍLIA - CEB;014451;DF Consolidado - Demonstração do Fluxo de Caixa (Método Direto);REAL;MIL;ÚLTIMO;2023-01-01;2023-12-31;6.01.19;Caixa Líquido Proveniente das (Usado nas) Atividades Operacionais Descontinuadas;0.0000000000;N
00.070.698/0001-11;2023-12-31;1;COMPANHIA ENERGÉTICA DE BRASÍLIA - CEB;014451;DF Consolidado - Demonstração do Fluxo de Caixa (Método Direto);REAL;MIL;PENÚLTIMO;2022-01-01;2022-12-31;6.02;Caixa Líquido Atividades de Investimento;-2958.0000000000;S
00.070.698/0001-11;2023-12-31;1;COMPANHIA ENERGÉTICA DE BRASÍLIA - CEB;014451;DF Consolidado - Demonstração do Fluxo de Caixa (Método Direto);REAL;MIL;ÚLTIMO;2023-01-01;2023-12-31;6.02;Caixa Líquido Atividades de Investimento;-36508.0000000000;S
00.070.698/0001-11;2023-12-31;1;COMPANHIA ENERGÉTICA DE BRASÍLIA - CEB;014451;DF Consolidado - Demonstração do Fluxo de Caixa (Método Direto);REAL;MIL;PENÚLTIMO;2022-01-01;2022-12-31;6.02.01;Aquisição de Ativos Financeiros da Concessão, Intangíveis e Imobilizados;-3635.0000000000;N
00.070.698/0001-11;2023-12-31;1;COMPANHIA ENERGÉTICA DE BRASÍLIA - CEB;014451;DF Consolidado - Demonstração do Fluxo de Caixa (Método Direto);REAL;MIL;ÚLTIMO;2023-01-01;2023-12-31;6.02.01;Aquisição de Ativos Financeiros da Concessão, Intangíveis e Imobilizados;-36508.0000000000;N
00.070.698/0001-11;2023-12-31;1;COMPANHIA ENERGÉTICA DE BRASÍLIA - CEB;014451;DF Consolidado - Demonstração do Fluxo de Caixa (Método Direto);REAL;MIL;PENÚLTIMO;2022-01-01;2022-12-31;6.02.02;Recebimento de Dividendos;1052.0000000000;N
00.070.698/0001-11;2023-12-31;1;COMPANHIA ENERGÉTICA DE BRASÍLIA - CEB;014451;DF Consolidado - Demonstração do Fluxo de Caixa (Método Direto);REAL;MIL;ÚLTIMO;2023-01-01;2023-12-31;6.02.02;Recebimento de Dividendos;0.0000000000;N
00.070.698/0001-11;2023-12-31;1;COMPANHIA ENERGÉTICA DE BRASÍLIA - CEB;014451;DF Consolidado - Demonstração do Fluxo de Caixa (Método Direto);REAL;MIL;PENÚLTIMO;2022-01-01;2022-12-31;6.02.03;Aquisição de Investimentos;-190.0000000000;N
00.070.698/0001-11;2023-12-31;1;COMPANHIA ENERGÉTICA DE BRASÍLIA - CEB;014451;DF Consolidado - Demonstração do Fluxo de Caixa (Método Direto);REAL;MIL;ÚLTIMO;2023-01-01;2023-12-31;6.02.03;Aquisição de Investimentos;0.0000000000;N
00.070.698/0001-11;2023-12-31;1;COMPANHIA ENERGÉTICA DE BRASÍLIA - CEB;014451;DF Consolidado - Demonstração do Fluxo de Caixa (Método Direto);REAL;MIL;PENÚLTIMO;2022-01-01;2022-12-31;6.02.04;Alienação de Investimentos;0.0000000000;N
00.070.698/0001-11;2023-12-31;1;COMPANHIA ENERGÉTICA DE BRASÍLIA - CEB;014451;DF Consolidado - Demonstração do Fluxo de Caixa (Método Direto);REAL;MIL;ÚLTIMO;2023-01-01;2023-12-31;6.02.04;Alienação de Investimentos;0.0000000000;N
00.070.698/0001-11;2023-12-31;1;COMPANHIA ENERGÉTICA DE BRASÍLIA - CEB;014451;DF Consolidado - Demonstração do Fluxo de Caixa (Método Direto);REAL;MIL;PENÚLTIMO;2022-01-01;2022-12-31;6.02.05;Adiantamento para Futuro Aumento de Capital;-185.0000000000;N
00.070.698/0001-11;2023-12-31;1;COMPANHIA ENERGÉTICA DE BRASÍLIA - CEB;014451;DF Consolidado - Demonstração do Fluxo de Caixa (Método Direto);REAL;MIL;ÚLTIMO;2023-01-01;2023-12-31;6.02.05;Adiantamento para Futuro Aumento de Capital;0.0000000000;N
00.070.698/0001-11;2023-12-31;1;COMPANHIA ENERGÉTICA DE BRASÍLIA - CEB;014451;DF Consolidado - Demonstração do Fluxo de Caixa (Método Direto);REAL;MIL;PENÚLTIMO;2022-01-01;2022-12-31;6.02.06;Aplicações Financeiras;0.0000000000;N
00.070.698/0001-11;2023-12-31;1;COMPANHIA ENERGÉTICA DE BRASÍLIA - CEB;014451;DF Consolidado - Demonstração do Fluxo de Caixa (Método Direto);REAL;MIL;ÚLTIMO;2023-01-01;2023-12-31;6.02.06;Aplicações Financeiras;0.0000000000;N
00.070.698/0001-11;2023-12-31;1;COMPANHIA ENERGÉTICA DE BRASÍLIA - CEB;014451;DF Consolidado - Demonstração do Fluxo de Caixa (Método Direto);REAL;MIL;PENÚLTIMO;2022-01-01;2022-12-31;6.02.07;Concessão de Empréstimos;0.0000000000;N
00.070.698/0001-11;2023-12-31;1;COMPANHIA ENERGÉTICA DE BRASÍLIA - CEB;014451;DF Consolidado - Demonstração do Fluxo de Caixa (Método Direto);REAL;MIL;ÚLTIMO;2023-01-01;2023-12-31;6.02.07;Concessão de Empréstimos;0.0000000000;N
00.070.698/0001-11;2023-12-31;1;COMPANHIA ENERGÉTICA DE BRASÍLIA - CEB;014451;DF Consolidado - Demonstração do Fluxo de Caixa (Método Direto);REAL;MIL;PENÚLTIMO;2022-01-01;2022-12-31;6.02.08;Recursos Oriundos de Redução de Capital em Investida;0.0000000000;N
00.070.698/0001-11;2023-12-31;1;COMPANHIA ENERGÉTICA DE BRASÍLIA - CEB;014451;DF Consolidado - Demonstração do Fluxo de Caixa (Método Direto);REAL;MIL;ÚLTIMO;2023-01-01;2023-12-31;6.02.08;Recursos Oriundos de Redução de Capital em Investida;0.0000000000;N
00.070.698/0001-11;2023-12-31;1;COMPANHIA ENERGÉTICA DE BRASÍLIA - CEB;014451;DF Consolidado - Demonstração do Fluxo de Caixa (Método Direto);REAL;MIL;PENÚLTIMO;2022-01-01;2022-12-31;6.02.09;Outros;0.0000000000;N
00.070.698/0001-11;2023-12-31;1;COMPANHIA ENERGÉTICA DE BRASÍLIA - CEB;014451;DF Consolidado - Demonstração do Fluxo de Caixa (Método Direto);REAL;MIL;ÚLTIMO;2023-01-01;2023-12-31;6.02.09;Outros;0.0000000000;N
00.070.698/0001-11;2023-12-31;1;COMPANHIA ENERGÉTICA DE BRASÍLIA - CEB;014451;DF Consolidado - Demonstração do Fluxo de Caixa (Método Direto);REAL;MIL;PENÚLTIMO;2022-01-01;2022-12-31;6.02.10;Caixa Líquido (Usado nas) Atividades de Investimento de Operações Descontinuadas;0.0000000000;N
00.070.698/0001-11;2023-12-31;1;COMPANHIA ENERGÉTICA DE BRASÍLIA - CEB;014451;DF Consolidado - Demonstração do Fluxo de Caixa (Método Direto);REAL;MIL;ÚLTIMO;2023-01-01;2023-12-31;6.02.10;Caixa Líquido (Usado nas) Atividades de Investimento de Operações Descontinuadas;0.0000000000;N
00.070.698/0001-11;2023-12-31;1;COMPANHIA ENERGÉTICA DE BRASÍLIA - CEB;014451;DF Consolidado - Demonstração do Fluxo de Caixa (Método Direto);REAL;MIL;PENÚLTIMO;2022-01-01;2022-12-31;6.03;Caixa Líquido Atividades de Financiamento;-171217.0000000000;S
00.070.698/0001-11;2023-12-31;1;COMPANHIA ENERGÉTICA DE BRASÍLIA - CEB;014451;DF Consolidado - Demonstração do Fluxo de Caixa (Método Direto);REAL;MIL;ÚLTIMO;2023-01-01;2023-12-31;6.03;Caixa Líquido Atividades de Financiamento;-263457.0000000000;S
00.070.698/0001-11;2023-12-31;1;COMPANHIA ENERGÉTICA DE BRASÍLIA - CEB;014451;DF Consolidado - Demonstração do Fluxo de Caixa (Método Direto);REAL;MIL;PENÚLTIMO;2022-01-01;2022-12-31;6.03.01;Dividendos e Juros Sobre Capital Próprio Pagos;-307132.0000000000;N
00.070.698/0001-11;2023-12-31;1;COMPANHIA ENERGÉTICA DE BRASÍLIA - CEB;014451;DF Consolidado - Demonstração do Fluxo de Caixa (Método Direto);REAL;MIL;ÚLTIMO;2023-01-01;2023-12-31;6.03.01;Dividendos e Juros Sobre Capital Próprio Pagos;-264413.0000000000;N
00.070.698/0001-11;2023-12-31;1;COMPANHIA ENERGÉTICA DE BRASÍLIA - CEB;014451;DF Consolidado - Demonstração do Fluxo de Caixa (Método Direto);REAL;MIL;PENÚLTIMO;2022-01-01;2022-12-31;6.03.02;Empréstimos e Financiamentos Obtdos;0.0000000000;N
00.070.698/0001-11;2023-12-31;1;COMPANHIA ENERGÉTICA DE BRASÍLIA - CEB;014451;DF Consolidado - Demonstração do Fluxo de Caixa (Método Direto);REAL;MIL;ÚLTIMO;2023-01-01;2023-12-31;6.03.02;Empréstimos e Financiamentos Obtdos;0.0000000000;N
00.070.698/0001-11;2023-12-31;1;COMPANHIA ENERGÉTICA DE BRASÍLIA - CEB;014451;DF Consolidado - Demonstração do Fluxo de Caixa (Método Direto);REAL;MIL;PENÚLTIMO;2022-01-01;2022-12-31;6.03.03;Amortização de Empréstimos e Financiamentos;0.0000000000;N
00.070.698/0001-11;2023-12-31;1;COMPANHIA ENERGÉTICA DE BRASÍLIA - CEB;014451;DF Consolidado - Demonstração do Fluxo de Caixa (Método Direto);REAL;MIL;ÚLTIMO;2023-01-01;2023-12-31;6.03.03;Amortização de Empréstimos e Financiamentos;0.0000000000;N
00.070.698/0001-11;2023-12-31;1;COMPANHIA ENERGÉTICA DE BRASÍLIA - CEB;014451;DF Consolidado - Demonstração do Fluxo de Caixa (Método Direto);REAL;MIL;PENÚLTIMO;2022-01-01;2022-12-31;6.03.04;Adiantamento para Futuro Aumento de Capital;0.0000000000;N
00.070.698/0001-11;2023-12-31;1;COMPANHIA ENERGÉTICA DE BRASÍLIA - CEB;014451;DF Consolidado - Demonstração do Fluxo de Caixa (Método Direto);REAL;MIL;ÚLTIMO;2023-01-01;2023-12-31;6.03.04;Adiantamento para Futuro Aumento de Capital;0.0000000000;N
00.070.698/0001-11;2023-12-31;1;COMPANHIA ENERGÉTICA DE BRASÍLIA - CEB;014451;DF Consolidado - Demonstração do Fluxo de Caixa (Método Direto);REAL;MIL;PENÚLTIMO;2022-01-01;2022-12-31;6.03.05;Outros;0.0000000000;N
00.070.698/0001-11;2023-12-31;1;COMPANHIA ENERGÉTICA DE BRASÍLIA - CEB;014451;DF Consolidado - Demonstração do Fluxo de Caixa (Método Direto);REAL;MIL;ÚLTIMO;2023-01-01;2023-12-31;6.03.05;Outros;0.0000000000;N
00.070.698/0001-11;2023-12-31;1;COMPANHIA ENERGÉTICA DE BRASÍLIA - CEB;014451;DF Consolidado - Demonstração do Fluxo de Caixa (Método Direto);REAL;MIL;PENÚLTIMO;2022-01-01;2022-12-31;6.03.06;Recebimento de Títulos de Crédito - Terracap;135915.0000000000;N
00.070.698/0001-11;2023-12-31;1;COMPANHIA ENERGÉTICA DE BRASÍLIA - CEB;014451;DF Consolidado - Demonstração do Fluxo de Caixa (Método Direto);REAL;MIL;ÚLTIMO;2023-01-01;2023-12-31;6.03.06;Recebimento de Títulos de Crédito - Terracap;0.0000000000;N
00.070.698/0001-11;2023-12-31;1;COMPANHIA ENERGÉTICA DE BRASÍLIA - CEB;014451;DF Consolidado - Demonstração do Fluxo de Caixa (Método Direto);REAL;MIL;PENÚLTIMO;2022-01-01;2022-12-31;6.03.07;Caixa Líquido Usado nas Atividades de Financiamento de Operações Descontinuadas;0.0000000000;N
00.070.698/0001-11;2023-12-31;1;COMPANHIA ENERGÉTICA DE BRASÍLIA - CEB;014451;DF Consolidado - Demonstração do Fluxo de Caixa (Método Direto);REAL;MIL;ÚLTIMO;2023-01-01;2023-12-31;6.03.07;Caixa Líquido Usado nas Atividades de Financiamento de Operações Descontinuadas;0.0000000000;N
00.070.698/0001-11;2023-12-31;1;COMPANHIA ENERGÉTICA DE BRASÍLIA - CEB;014451;DF Consolidado - Demonstração do Fluxo de Caixa (Método Direto);REAL;MIL;PENÚLTIMO;2022-01-01;2022-12-31;6.03.08;Aumento de Capital;0.0000000000;N
00.070.698/0001-11;2023-12-31;1;COMPANHIA ENERGÉTICA DE BRASÍLIA - CEB;014451;DF Consolidado - Demonstração do Fluxo de Caixa (Método Direto);REAL;MIL;ÚLTIMO;2023-01-01;2023-12-31;6.03.08;Aumento de Capital;956.0000000000;N
00.070.698/0001-11;2023-12-31;1;COMPANHIA ENERGÉTICA DE BRASÍLIA - CEB;014451;DF Consolidado - Demonstração do Fluxo de Caixa (Método Direto);REAL;MIL;PENÚLTIMO;2022-01-01;2022-12-31;6.04;Variação Cambial s/ Caixa e Equivalentes;0.0000000000;S
00.070.698/0001-11;2023-12-31;1;COMPANHIA ENERGÉTICA DE BRASÍLIA - CEB;014451;DF Consolidado - Demonstração do Fluxo de Caixa (Método Direto);REAL;MIL;ÚLTIMO;2023-01-01;2023-12-31;6.04;Variação Cambial s/ Caixa e Equivalentes;0.0000000000;S
00.070.698/0001-11;2023-12-31;1;COMPANHIA ENERGÉTICA DE BRASÍLIA - CEB;014451;DF Consolidado - Demonstração do Fluxo de Caixa (Método Direto);REAL;MIL;PENÚLTIMO;2022-01-01;2022-12-31;6.05;Aumento (Redução) de Caixa e Equivalentes;24717.0000000000;S
00.070.698/0001-11;2023-12-31;1;COMPANHIA ENERGÉTICA DE BRASÍLIA - CEB;014451;DF Consolidado - Demonstração do Fluxo de Caixa (Método Direto);REAL;MIL;ÚLTIMO;2023-01-01;2023-12-31;6.05;Aumento (Redução) de Caixa e Equivalentes;-56591.0000000000;S
00.070.698/0001-11;2023-12-31;1;COMPANHIA ENERGÉTICA DE BRASÍLIA - CEB;014451;DF Consolidado - Demonstração do Fluxo de Caixa (Método Direto);REAL;MIL;PENÚLTIMO;2022-01-01;2022-12-31;6.05.01;Saldo Inicial de Caixa e Equivalentes;714792.0000000000;S
00.070.698/0001-11;2023-12-31;1;COMPANHIA ENERGÉTICA DE BRASÍLIA - CEB;014451;DF Consolidado - Demonstração do Fluxo de Caixa (Método Direto);REAL;MIL;ÚLTIMO;2023-01-01;2023-12-31;6.05.01;Saldo Inicial de Caixa e Equivalentes;739509.0000000000;S
00.070.698/0001-11;2023-12-31;1;COMPANHIA ENERGÉTICA DE BRASÍLIA - CEB;014451;DF Consolidado - Demonstração do Fluxo de Caixa (Método Direto);REAL;MIL;PENÚLTIMO;2022-01-01;2022-12-31;6.05.02;Saldo Final de Caixa e Equivalentes;739509.0000000000;S
00.070.698/0001-11;2023-12-31;1;COMPANHIA ENERGÉTICA DE BRASÍLIA - CEB;014451;DF Consolidado - Demonstração do Fluxo de Caixa (Método Direto);REAL;MIL;ÚLTIMO;2023-01-01;2023-12-31;6.05.02;Saldo Final de Caixa e Equivalentes;682918.0000000000;S
02.201.787/0001-85;2023-12-31;1;CEL PARTICIPAÇÕES S.A. - CELPAR;016675;DF Consolidado - Demonstração do Fluxo de Caixa (Método Direto);REAL;UNIDADE;PENÚLTIMO;2022-01-01;2022-12-31;6.01;Caixa Líquido Atividades Operacionais;-7875648.0000000000;S
02.201.787/0001-85;2023-12-31;1;CEL PARTICIPAÇÕES S.A. - CELPAR;016675;DF Consolidado - Demonstração do Fluxo de Caixa (Método Direto);REAL;UNIDADE;ÚLTIMO;2023-01-01;2023-12-31;6.01;Caixa Líquido Atividades Operacionais;-852382.0000000000;S
02.201.787/0001-85;2023-12-31;1;CEL PARTICIPAÇÕES S.A. - CELPAR;016675;DF Consolidado - Demonstração do Fluxo de Caixa (Método Direto);REAL;UNIDADE;PENÚLTIMO;2022-01-01;2022-12-31;6.02;Caixa Líquido Atividades de Investimento;0.0000000000;S
02.201.787/0001-85;2023-12-31;1;CEL PARTICIPAÇÕES S.A. - CELPAR;016675;DF Consolidado - Demonstração do Fluxo de Caixa (Método Direto);REAL;UNIDADE;ÚLTIMO;2023-01-01;2023-12-31;6.02;Caixa Líquido Atividades de Investimento;0.0000000000;S
02.201.787/0001-85;2023-12-31;1;CEL PARTICIPAÇÕES S.A. - CELPAR;016675;DF Consolidado - Demonstração do Fluxo de Caixa (Método Direto);REAL;UNIDADE;PENÚLTIMO;2022-01-01;2022-12-31;6.03;Caixa Líquido Atividades de Financiamento;0.0000000000;S
02.201.787/0001-85;2023-12-31;1;CEL PARTICIPAÇÕES S.A. - CELPAR;016675;DF Consolidado - Demonstração do Fluxo de Caixa (Método Direto);REAL;UNIDADE;ÚLTIMO;2023-01-01;2023-12-31;6.03;Caixa Líquido Atividades de Financiamento;0.0000000000;S
02.201.787/0001-85;2023-12-31;1;CEL PARTICIPAÇÕES S.A. - CELPAR;016675;DF Consolidado - Demonstração do Fluxo de Caixa (Método Direto);REAL;UNIDADE;PENÚLTIMO;2022-01-01;2022-12-31;6.04;Variação Cambial s/ Caixa e Equivalentes;0.0000000000;S
02.201.787/0001-85;2023-12-31;1;CEL PARTICIPAÇÕES S.A. - CELPAR;016675;DF Consolidado - Demonstração do Fluxo de Caixa (Método Direto);REAL;UNIDADE;ÚLTIMO;2023-01-01;2023-12-31;6.04;Variação Cambial s/ Caixa e Equivalentes;0.0000000000;S
02.201.787/0001-85;2023-12-31;1;CEL PARTICIPAÇÕES S.A. - CELPAR;016675;DF Consolidado - Demonstração do Fluxo de Caixa (Método Direto);REAL;UNIDADE;PENÚLTIMO;2022-01-01;2022-12-31;6.05;Aumento (Redução) de Caixa e Equivalentes;-7875648.0000000000;S
02.201.787/0001-85;2023-12-31;1;CEL PARTICIPAÇÕES S.A. - CELPAR;016675;DF Consolidado - Demonstração do Fluxo de Caixa (Método Direto);REAL;UNIDADE;ÚLTIMO;2023-01-01;2023-12-31;6.05;Aumento (Redução) de Caixa e Equivalentes;-852382.0000000000;S
02.201.787/0001-85;2023-12-31;1;CEL PARTICIPAÇÕES S.A. - CELPAR;016675;DF Consolidado - Demonstração do Fluxo de Caixa (Método Direto);REAL;UNIDADE;PENÚLTIMO;2022-01-01;2022-12-31;6.05.01;Saldo Inicial de Caixa e Equivalentes;8766309.0000000000;S
02.201.787/0001-85;2023-12-31;1;CEL PARTICIPAÇÕES S.A. - CELPAR;016675;DF Consolidado - Demonstração do Fluxo de Caixa (Método Direto);REAL;UNIDADE;ÚLTIMO;2023-01-01;2023-12-31;6.05.01;Saldo Inicial de Caixa e Equivalentes;890660.0000000000;S
02.201.787/0001-85;2023-12-31;1;CEL PARTICIPAÇÕES S.A. - CELPAR;016675;DF Consolidado - Demonstração do Fluxo de Caixa (Método Direto);REAL;UNIDADE;PENÚLTIMO;2022-01-01;2022-12-31;6.05.02;Saldo Final de Caixa e Equivalentes;890661.0000000000;S
02.201.787/0001-85;2023-12-31;1;CEL PARTICIPAÇÕES S.A. - CELPAR;016675;DF Consolidado - Demonstração do Fluxo de Caixa (Método Direto);REAL;UNIDADE;ÚLTIMO;2023-01-01;2023-12-31;6.05.02;Saldo Final de Caixa e Equivalentes;38278.0000000000;S
08.213.823/0001-07;2023-12-31;1;AURA ALMAS MINERAÇÃO S.A.;026590;DF Consolidado - Demonstração do Fluxo de Caixa (Método Direto);REAL;MIL;PENÚLTIMO;2022-01-01;2022-12-31;6.01;Caixa Líquido Atividades Operacionais;86027.0000000000;S
08.213.823/0001-07;2023-12-31;1;AURA ALMAS MINERAÇÃO S.A.;026590;DF Consolidado - Demonstração do Fluxo de Caixa (Método Direto);REAL;MIL;ÚLTIMO;2023-01-01;2023-12-31;6.01;Caixa Líquido Atividades Operacionais;-9477.0000000000;S
08.213.823/0001-07;2023-12-31;1;AURA ALMAS MINERAÇÃO S.A.;026590;DF Consolidado - Demonstração do Fluxo de Caixa (Método Direto);REAL;MIL;PENÚLTIMO;2022-01-01;2022-12-31;6.01.01;Lucro Líquido (prejuízo) antes do IR e CSLL;14557.0000000000;N
08.213.823/0001-07;2023-12-31;1;AURA ALMAS MINERAÇÃO S.A.;026590;DF Consolidado - Demonstração do Fluxo de Caixa (Método Direto);REAL;MIL;ÚLTIMO;2023-01-01;2023-12-31;6.01.01;Lucro Líquido (prejuízo) antes do IR e CSLL;8308.0000000000;N
08.213.823/0001-07;2023-12-31;1;AURA ALMAS MINERAÇÃO S.A.;026590;DF Consolidado - Demonstração do Fluxo de Caixa (Método Direto);REAL;MIL;PENÚLTIMO;2022-01-01;2022-12-31;6.01.02;Ajustes de depreciação;2345.0000000000;N
08.213.823/0001-07;2023-12-31;1;AURA ALMAS MINERAÇÃO S.A.;026590;DF Consolidado - Demonstração do Fluxo de Caixa (Método Direto);REAL;MIL;ÚLTIMO;2023-01-01;2023-12-31;6.01.02;Ajustes de depreciação;17554.0000000000;N
08.213.823/0001-07;2023-12-31;1;AURA ALMAS MINERAÇÃO S.A.;026590;DF Consolidado - Demonstração do Fluxo de Caixa (Método Direto);REAL;MIL;PENÚLTIMO;2022-01-01;2022-12-31;6.01.03;Variações nas contas a receber e outros crédito;205.0000000000;N
08.213.823/0001-07;2023-12-31;1;AURA ALMAS MINERAÇÃO S.A.;026590;DF Consolidado - Demonstração do Fluxo de Caixa (Método Direto);REAL;MIL;ÚLTIMO;2023-01-01;2023-12-31;6.01.03;Variações nas contas a receber e outros crédito;-17836.0000000000;N
08.213.823/0001-07;2023-12-31;1;AURA ALMAS MINERAÇÃO S.A.;026590;DF Consolidado - Demonstração do Fluxo de Caixa (Método Direto);REAL;MIL;PENÚLTIMO;2022-01-01;2022-12-31;6.01.04;Variações nos fornecedores e outras contas a pagar;28913.0000000000;N
08.213.823/0001-07;2023-12-31;1;AURA ALMAS MINERAÇÃO S.A.;026590;DF Consolidado - Demonstração do Fluxo de Caixa (Método Direto);REAL;MIL;ÚLTIMO;2023-01-01;2023-12-31;6.01.04;Variações nos fornecedores e outras contas a pagar;29491.0000000000;N
08.213.823/0001-07;2023-12-31;1;AURA ALMAS MINERAÇÃO S.A.;026590;DF Consolidado - Demonstração do Fluxo de Caixa (Método Direto);REAL;MIL;PENÚLTIMO;2022-01-01;2022-12-31;6.01.05;Juros sobre debêntures;27740.0000000000;N
08.213.823/0001-07;2023-12-31;1;AURA ALMAS MINERAÇÃO S.A.;026590;DF Consolidado - Demonstração do Fluxo de Caixa (Método Direto);REAL;MIL;ÚLTIMO;2023-01-01;2023-12-31;6.01.05;Juros sobre debêntures;61429.0000000000;N
08.213.823/0001-07;2023-12-31;1;AURA ALMAS MINERAÇÃO S.A.;026590;DF Consolidado - Demonstração do Fluxo de Caixa (Método Direto);REAL;MIL;PENÚLTIMO;2022-01-01;2022-12-31;6.01.06;Apropriação custos de captação de debêntures;-1886.0000000000;N
08.213.823/0001-07;2023-12-31;1;AURA ALMAS MINERAÇÃO S.A.;026590;DF Consolidado - Demonstração do Fluxo de Caixa (Método Direto);REAL;MIL;ÚLTIMO;2023-01-01;2023-12-31;6.01.06;Apropriação custos de captação de debêntures;1414.0000000000;N
08.213.823/0001-07;2023-12-31;1;AURA ALMAS MINERAÇÃO S.A.;026590;DF Consolidado - Demonstração do Fluxo de Caixa (Método Direto);REAL;MIL;PENÚLTIMO;2022-01-01;2022-12-31;6.01.07;Instrumento financeiro derivativo, líquido;86796.0000000000;N
08.213.823/0001-07;2023-12-31;1;AURA ALMAS MINERAÇÃO S.A.;026590;DF Consolidado - Demonstração do Fluxo de Caixa (Método Direto);REAL;MIL;ÚLTIMO;2023-01-01;2023-12-31;6.01.07;Instrumento financeiro derivativo, líquido;0.0000000000;N
08.213.823/0001-07;2023-12-31;1;AURA ALMAS MINERAÇÃO S.A.;026590;DF Consolidado - Demonstração do Fluxo de Caixa (Método Direto);REAL;MIL;PENÚLTIMO;2022-01-01;2022-12-31;6.01.08;Impostos diferidos;-20281.0000000000;N
08.213.823/0001-07;2023-12-31;1;AURA ALMAS MINERAÇÃO S.A.;026590;DF Consolidado - Demonstração do Fluxo de Caixa (Método Direto);REAL;MIL;ÚLTIMO;2023-01-01;2023-12-31;6.01.08;Impostos diferidos;-39205.0000000000;N
08.213.823/0001-07;2023-12-31;1;AURA ALMAS MINERAÇÃO S.A.;026590;DF Consolidado - Demonstração do Fluxo de Caixa (Método Direto);REAL;MIL;PENÚLTIMO;2022-01-01;2022-12-31;6.01.09;Juros sobre empréstimos;0.0000000000;N
08.213.823/0001-07;2023-12-31;1;AURA ALMAS MINERAÇÃO S.A.;026590;DF Consolidado - Demonstração do Fluxo de Caixa (Método Direto);REAL;MIL;ÚLTIMO;2023-01-01;2023-12-31;6.01.09;Juros sobre empréstimos;4244.0000000000;N
08.213.823/0001-07;2023-12-31;1;AURA ALMAS MINERAÇÃO S.A.;026590;DF Consolidado - Demonstração do Fluxo de Caixa (Método Direto);REAL;MIL;PENÚLTIMO;2022-01-01;2022-12-31;6.01.10;Provisão ARO;0.0000000000;N
08.213.823/0001-07;2023-12-31;1;AURA ALMAS MINERAÇÃO S.A.;026590;DF Consolidado - Demonstração do Fluxo de Caixa (Método Direto);REAL;MIL;ÚLTIMO;2023-01-01;2023-12-31;6.01.10;Provisão ARO;12210.0000000000;N
08.213.823/0001-07;2023-12-31;1;AURA ALMAS MINERAÇÃO S.A.;026590;DF Consolidado - Demonstração do Fluxo de Caixa (Método Direto);REAL;MIL;PENÚLTIMO;2022-01-01;2022-12-31;6.01.11;Outros;98.0000000000;N
08.213.823/0001-07;2023-12-31;1;AURA ALMAS MINERAÇÃO S.A.;026590;DF Consolidado - Demonstração do Fluxo de Caixa (Método Direto);REAL;MIL;ÚLTIMO;2023-01-01;2023-12-31;6.01.11;Outros;0.0000000000;N
08.213.823/0001-07;2023-12-31;1;AURA ALMAS MINERAÇÃO S.A.;026590;DF Consolidado - Demonstração do Fluxo de Caixa (Método Direto);REAL;MIL;PENÚLTIMO;2022-01-01;2022-12-31;6.01.12;Variações estoques;0.0000000000;N
08.213.823/0001-07;2023-12-31;1;AURA ALMAS MINERAÇÃO S.A.;026590;DF Consolidado - Demonstração do Fluxo de Caixa (Método Direto);REAL;MIL;ÚLTIMO;2023-01-01;2023-12-31;6.01.12;Variações estoques;-11860.0000000000;N
08.213.823/0001-07;2023-12-31;1;AURA ALMAS MINERAÇÃO S.A.;026590;DF Consolidado - Demonstração do Fluxo de Caixa (Método Direto);REAL;MIL;PENÚLTIMO;2022-01-01;2022-12-31;6.01.13;Juros pagos;-52460.0000000000;N
08.213.823/0001-07;2023-12-31;1;AURA ALMAS MINERAÇÃO S.A.;026590;DF Consolidado - Demonstração do Fluxo de Caixa (Método Direto);REAL;MIL;ÚLTIMO;2023-01-01;2023-12-31;6.01.13;Juros pagos;-75226.0000000000;N
08.213.823/0001-07;2023-12-31;1;AURA ALMAS MINERAÇÃO S.A.;026590;DF Consolidado - Demonstração do Fluxo de Caixa (Método Direto);REAL;MIL;PENÚLTIMO;2022-01-01;2022-12-31;6.02;Caixa Líquido Atividades de Investimento;-317190.0000000000;S
08.213.823/0001-07;2023-12-31;1;AURA ALMAS MINERAÇÃO S.A.;026590;DF Consolidado - Demonstração do Fluxo de Caixa (Método Direto);REAL;MIL;ÚLTIMO;2023-01-01;2023-12-31;6.02;Caixa Líquido Atividades de Investimento;-255369.0000000000;S
08.213.823/0001-07;2023-12-31;1;AURA ALMAS MINERAÇÃO S.A.;026590;DF Consolidado - Demonstração do Fluxo de Caixa (Método Direto);REAL;MIL;PENÚLTIMO;2022-01-01;2022-12-31;6.02.01;Aquisição de imobilizado, líquido;-317190.0000000000;N
08.213.823/0001-07;2023-12-31;1;AURA ALMAS MINERAÇÃO S.A.;026590;DF Consolidado - Demonstração do Fluxo de Caixa (Método Direto);REAL;MIL;ÚLTIMO;2023-01-01;2023-12-31;6.02.01;Aquisição de imobilizado, líquido;-255369.0000000000;N
08.213.823/0001-07;2023-12-31;1;AURA ALMAS MINERAÇÃO S.A.;026590;DF Consolidado - Demonstração do Fluxo de Caixa (Método Direto);REAL;MIL;PENÚLTIMO;2022-01-01;2022-12-31;6.03;Caixa Líquido Atividades de Financiamento;0.0000000000;S
08.213.823/0001-07;2023-12-31;1;AURA ALMAS MINERAÇÃO S.A.;026590;DF Consolidado - Demonstração do Fluxo de Caixa (Método Direto);REAL;MIL;ÚLTIMO;2023-01-01;2023-12-31;6.03;Caixa Líquido Atividades de Financiamento;131379.0000000000;S
08.213.823/0001-07;2023-12-31;1;AURA ALMAS MINERAÇÃO S.A.;026590;DF Consolidado - Demonstração do Fluxo de Caixa (Método Direto);REAL;MIL;PENÚLTIMO;2022-01-01;2022-12-31;6.03.01;Pagamento de empréstimos de curto prazo;0.0000000000;N
08.213.823/0001-07;2023-12-31;1;AURA ALMAS MINERAÇÃO S.A.;026590;DF Consolidado - Demonstração do Fluxo de Caixa (Método Direto);REAL;MIL;ÚLTIMO;2023-01-01;2023-12-31;6.03.01;Pagamento de empréstimos de curto prazo;0.0000000000;N
08.213.823/0001-07;2023-12-31;1;AURA ALMAS MINERAÇÃO S.A.;026590;DF Consolidado - Demonstração do Fluxo de Caixa (Método Direto);REAL;MIL;PENÚLTIMO;2022-01-01;2022-12-31;6.03.02;Aumento de capital;0.0000000000;N
08.213.823/0001-07;2023-12-31;1;AURA ALMAS MINERAÇÃO S.A.;026590;DF Consolidado - Demonstração do Fluxo de Caixa (Método Direto);REAL;MIL;ÚLTIMO;2023-01-01;2023-12-31;6.03.02;Aumento de capital;0.0000000000;N
08.213.823/0001-07;2023-12-31;1;AURA ALMAS MINERAÇÃO S.A.;026590;DF Consolidado - Demonstração do Fluxo de Caixa (Método Direto);REAL;MIL;PENÚLTIMO;2022-01-01;2022-12-31;6.03.03;Adiantamento para futuro aumento de capital;0.0000000000;N
08.213.823/0001-07;2023-12-31;1;AURA ALMAS MINERAÇÃO S.A.;026590;DF Consolidado - Demonstração do Fluxo de Caixa (Método Direto);REAL;MIL;ÚLTIMO;2023-01-01;2023-12-31;6.03.03;Adiantamento para futuro aumento de capital;0.0000000000;N
08.213.823/0001-07;2023-12-31;1;AURA ALMAS MINERAÇÃO S.A.;026590;DF Consolidado - Demonstração do Fluxo de Caixa (Método Direto);REAL;MIL;PENÚLTIMO;2022-01-01;2022-12-31;6.03.04;Empréstimos de partes relacionadas, líquido;0.0000000000;N
08.213.823/0001-07;2023-12-31;1;AURA ALMAS MINERAÇÃO S.A.;026590;DF Consolidado - Demonstração do Fluxo de Caixa (Método Direto);REAL;MIL;ÚLTIMO;2023-01-01;2023-12-31;6.03.04;Empréstimos de partes relacionadas, líquido;129369.0000000000;N
08.213.823/0001-07;2023-12-31;1;AURA ALMAS MINERAÇÃO S.A.;026590;DF Consolidado - Demonstração do Fluxo de Caixa (Método Direto);REAL;MIL;PENÚLTIMO;2022-01-01;2022-12-31;6.03.05;Debêntures captadas;0.0000000000;N
08.213.823/0001-07;2023-12-31;1;AURA ALMAS MINERAÇÃO S.A.;026590;DF Consolidado - Demonstração do Fluxo de Caixa (Método Direto);REAL;MIL;ÚLTIMO;2023-01-01;2023-12-31;6.03.05;Debêntures captadas;0.0000000000;N
08.213.823/0001-07;2023-12-31;1;AURA ALMAS MINERAÇÃO S.A.;026590;DF Consolidado - Demonstração do Fluxo de Caixa (Método Direto);REAL;MIL;PENÚLTIMO;2022-01-01;2022-12-31;6.03.06;Custos de captação debentures;0.0000000000;N
08.213.823/0001-07;2023-12-31;1;AURA ALMAS MINERAÇÃO S.A.;026590;DF Consolidado - Demonstração do Fluxo de Caixa (Método Direto);REAL;MIL;ÚLTIMO;2023-01-01;2023-12-31;6.03.06;Custos de captação debentures;0.0000000000;N
08.213.823/0001-07;2023-12-31;1;AURA ALMAS MINERAÇÃO S.A.;026590;DF Consolidado - Demonstração do Fluxo de Caixa (Método Direto);REAL;MIL;PENÚLTIMO;2022-01-01;2022-12-31;6.03.07;Juros de derivativos, líquido;0.0000000000;N
08.213.823/0001-07;2023-12-31;1;AURA ALMAS MINERAÇÃO S.A.;026590;DF Consolidado - Demonstração do Fluxo de Caixa (Método Direto);REAL;MIL;ÚLTIMO;2023-01-01;2023-12-31;6.03.07;Juros de derivativos, líquido;0.0000000000;N
08.213.823/0001-07;2023-12-31;1;AURA ALMAS MINERAÇÃO S.A.;026590;DF Consolidado - Demonstração do Fluxo de Caixa (Método Direto);REAL;MIL;PENÚLTIMO;2022-01-01;2022-12-31;6.03.08;Captação de empréstimos bancários;0.0000000000;N
08.213.823/0001-07;2023-12-31;1;AURA ALMAS MINERAÇÃO S.A.;026590;DF Consolidado - Demonstração do Fluxo de Caixa (Método Direto);REAL;MIL;ÚLTIMO;2023-01-01;2023-12-31;6.03.08;Captação de empréstimos bancários;96661.0000000000;N
08.213.823/0001-07;2023-12-31;1;AURA ALMAS MINERAÇÃO S.A.;026590;DF Consolidado - Demonstração do Fluxo de Caixa (Método Direto);REAL;MIL;PENÚLTIMO;2022-01-01;2022-12-31;6.03.09;Pagamento de debentures;0.0000000000;N
08.213.823/0001-07;2023-12-31;1;AURA ALMAS MINERAÇÃO S.A.;026590;DF Consolidado - Demonstração do Fluxo de Caixa (Método Direto);REAL;MIL;ÚLTIMO;2023-01-01;2023-12-31;6.03.09;Pagamento de debentures;-94651.0000000000;N
08.213.823/0001-07;2023-12-31;1;AURA ALMAS MINERAÇÃO S.A.;026590;DF Consolidado - Demonstração do Fluxo de Caixa (Método Direto);REAL;MIL;PENÚLTIMO;2022-01-01;2022-12-31;6.04;Variação Cambial s/ Caixa e Equivalentes;-45667.0000000000;S
08.213.823/0001-07;2023-12-31;1;AURA ALMAS MINERAÇÃO S.A.;026590;DF Consolidado - Demonstração do Fluxo de Caixa (Método Direto);REAL;MIL;ÚLTIMO;2023-01-01;2023-12-31;6.04;Variação Cambial s/ Caixa e Equivalentes;37778.0000000000;S
08.213.823/0001-07;2023-12-31;1;AURA ALMAS MINERAÇÃO S.A.;026590;DF Consolidado - Demonstração do Fluxo de Caixa (Método Direto);REAL;MIL;PENÚLTIMO;2022-01-01;2022-12-31;6.05;Aumento (Redução) de Caixa e Equivalentes;-276830.0000000000;S
08.213.823/0001-07;2023-12-31;1;AURA ALMAS MINERAÇÃO S.A.;026590;DF Consolidado - Demonstração do Fluxo de Caixa (Método Direto);REAL;MIL;ÚLTIMO;2023-01-01;2023-12-31;6.05;Aumento (Redução) de Caixa e Equivalentes;-95689.0000000000;S
08.213.823/0001-07;2023-12-31;1;AURA ALMAS MINERAÇÃO S.A.;026590;DF Consolidado - Demonstração do Fluxo de Caixa (Método Direto);REAL;MIL;PENÚLTIMO;2022-01-01;2022-12-31;6.05.01;Saldo Inicial de Caixa e Equivalentes;398620.0000000000;S
08.213.823/0001-07;2023-12-31;1;AURA ALMAS MINERAÇÃO S.A.;026590;DF Consolidado - Demonstração do Fluxo de Caixa (Método Direto);REAL;MIL;ÚLTIMO;2023-01-01;2023-12-31;6.05.01;Saldo Inicial de Caixa e Equivalentes;121790.0000000000;S
08.213.823/0001-07;2023-12-31;1;AURA ALMAS MINERAÇÃO S.A.;026590;DF Consolidado - Demonstração do Fluxo de Caixa (Método Direto);REAL;MIL;PENÚLTIMO;2022-01-01;2022-12-31;6.05.02;Saldo Final de Caixa e Equivalentes;121790.0000000000;S
08.213.823/0001-07;2023-12-31;1;AURA ALMAS MINERAÇÃO S.A.;026590;DF Consolidado - Demonstração do Fluxo de Caixa (Método Direto);REAL;MIL;ÚLTIMO;2023-01-01;2023-12-31;6.05.02;Saldo Final de Caixa e Equivalentes;26101.0000000000;S
08.560.444/0001-93;2023-12-31;1;CIA CELG DE PARTICIPACOES - CELGPAR;021393;DF Consolidado - Demonstração do Fluxo de Caixa (Método Direto);REAL;MIL;PENÚLTIMO;2022-01-01;2022-12-31;6.01;Caixa Líquido Atividades Operacionais;0.0000000000;S
08.560.444/0001-93;2023-12-31;1;CIA CELG DE PARTICIPACOES - CELGPAR;021393;DF Consolidado - Demonstração do Fluxo de Caixa (Método Direto);REAL;MIL;ÚLTIMO;2023-01-01;2023-12-31;6.01;Caixa Líquido Atividades Operacionais;0.0000000000;S
08.560.444/0001-93;2023-12-31;1;CIA CELG DE PARTICIPACOES - CELGPAR;021393;DF Consolidado - Demonstração do Fluxo de Caixa (Método Direto);REAL;MIL;PENÚLTIMO;2022-01-01;2022-12-31;6.02;Caixa Líquido Atividades de Investimento;0.0000000000;S
08.560.444/0001-93;2023-12-31;1;CIA CELG DE PARTICIPACOES - CELGPAR;021393;DF Consolidado - Demonstração do Fluxo de Caixa (Método Direto);REAL;MIL;ÚLTIMO;2023-01-01;2023-12-31;6.02;Caixa Líquido Atividades de Investimento;0.0000000000;S
08.560.444/0001-93;2023-12-31;1;CIA CELG DE PARTICIPACOES - CELGPAR;021393;DF Consolidado - Demonstração do Fluxo de Caixa (Método Direto);REAL;MIL;PENÚLTIMO;2022-01-01;2022-12-31;6.03;Caixa Líquido Atividades de Financiamento;0.0000000000;S
08.560.444/0001-93;2023-12-31;1;CIA CELG DE PARTICIPACOES - CELGPAR;021393;DF Consolidado - Demonstração do Fluxo de Caixa (Método Direto);REAL;MIL;ÚLTIMO;2023-01-01;2023-12-31;6.03;Caixa Líquido Atividades de Financiamento;0.0000000000;S
08.560.444/0001-93;2023-12-31;1;CIA CELG DE PARTICIPACOES - CELGPAR;021393;DF Consolidado - Demonstração do Fluxo de Caixa (Método Direto);REAL;MIL;PENÚLTIMO;2022-01-01;2022-12-31;6.04;Variação Cambial s/ Caixa e Equivalentes;0.0000000000;S
08.560.444/0001-93;2023-12-31;1;CIA CELG DE PARTICIPACOES - CELGPAR;021393;DF Consolidado - Demonstração do Fluxo de Caixa (Método Direto);REAL;MIL;ÚLTIMO;2023-01-01;2023-12-31;6.04;Variação Cambial s/ Caixa e Equivalentes;0.0000000000;S
08.560.444/0001-93;2023-12-31;1;CIA CELG DE PARTICIPACOES - CELGPAR;021393;DF Consolidado - Demonstração do Fluxo de Caixa (Método Direto);REAL;MIL;PENÚLTIMO;2022-01-01;2022-12-31;6.05;Aumento (Redução) de Caixa e Equivalentes;0.0000000000;S
08.560.444/0001-93;2023-12-31;1;CIA CELG DE PARTICIPACOES - CELGPAR;021393;DF Consolidado - Demonstração do Fluxo de Caixa (Método Direto);REAL;MIL;ÚLTIMO;2023-01-01;2023-12-31;6.05;Aumento (Redução) de Caixa e Equivalentes;0.0000000000;S
08.560.444/0001-93;2023-12-31;1;CIA CELG DE PARTICIPACOES - CELGPAR;021393;DF Consolidado - Demonstração do Fluxo de Caixa (Método Direto);REAL;MIL;PENÚLTIMO;2022-01-01;2022-12-31;6.05.01;Saldo Inicial de Caixa e Equivalentes;0.0000000000;S
08.560.444/0001-93;2023-12-31;1;CIA CELG DE PARTICIPACOES - CELGPAR;021393;DF Consolidado - Demonstração do Fluxo de Caixa (Método Direto);REAL;MIL;ÚLTIMO;2023-01-01;2023-12-31;6.05.01;Saldo Inicial de Caixa e Equivalentes;0.0000000000;S
08.560.444/0001-93;2023-12-31;1;CIA CELG DE PARTICIPACOES - CELGPAR;021393;DF Consolidado - Demonstração do Fluxo de Caixa (Método Direto);REAL;MIL;PENÚLTIMO;2022-01-01;2022-12-31;6.05.02;Saldo Final de Caixa e Equivalentes;0.0000000000;S
08.560.444/0001-93;2023-12-31;1;CIA CELG DE PARTICIPACOES - CELGPAR;021393;DF Consolidado - Demonstração do Fluxo de Caixa (Método Direto);REAL;MIL;ÚLTIMO;2023-01-01;2023-12-31;6.05.02;Saldo Final de Caixa e Equivalentes;0.0000000000;S
16.838.421/0001-26;2023-12-31;1;XP INVESTIMENTOS S.A.;027111;DF Consolidado - Demonstração do Fluxo de Caixa (Método Direto);REAL;MIL;PENÚLTIMO;2022-01-01;2022-12-31;6.01;Caixa Líquido Atividades Operacionais;-1139972.0000000000;S
16.838.421/0001-26;2023-12-31;1;XP INVESTIMENTOS S.A.;027111;DF Consolidado - Demonstração do Fluxo de Caixa (Método Direto);REAL;MIL;ÚLTIMO;2023-01-01;2023-12-31;6.01;Caixa Líquido Atividades Operacionais;3311191.0000000000;S
16.838.421/0001-26;2023-12-31;1;XP INVESTIMENTOS S.A.;027111;DF Consolidado - Demonstração do Fluxo de Caixa (Método Direto);REAL;MIL;PENÚLTIMO;2022-01-01;2022-12-31;6.01.01;Caixa Gerado pelas Operações;984181.0000000000;N
16.838.421/0001-26;2023-12-31;1;XP INVESTIMENTOS S.A.;027111;DF Consolidado - Demonstração do Fluxo de Caixa (Método Direto);REAL;MIL;ÚLTIMO;2023-01-01;2023-12-31;6.01.01;Caixa Gerado pelas Operações;1773844.0000000000;N
16.838.421/0001-26;2023-12-31;1;XP INVESTIMENTOS S.A.;027111;DF Consolidado - Demonstração do Fluxo de Caixa (Método Direto);REAL;MIL;PENÚLTIMO;2022-01-01;2022-12-31;6.01.02;Variações nos Ativos e Passivos;-2124153.0000000000;N
16.838.421/0001-26;2023-12-31;1;XP INVESTIMENTOS S.A.;027111;DF Consolidado - Demonstração do Fluxo de Caixa (Método Direto);REAL;MIL;ÚLTIMO;2023-01-01;2023-12-31;6.01.02;Variações nos Ativos e Passivos;1537347.0000000000;N
16.838.421/0001-26;2023-12-31;1;XP INVESTIMENTOS S.A.;027111;DF Consolidado - Demonstração do Fluxo de Caixa (Método Direto);REAL;MIL;PENÚLTIMO;2022-01-01;2022-12-31;6.01.03;Outros;0.0000000000;N
16.838.421/0001-26;2023-12-31;1;XP INVESTIMENTOS S.A.;027111;DF Consolidado - Demonstração do Fluxo de Caixa (Método Direto);REAL;MIL;ÚLTIMO;2023-01-01;2023-12-31;6.01.03;Outros;0.0000000000;N
16.838.421/0001-26;2023-12-31;1;XP INVESTIMENTOS S.A.;027111;DF Consolidado - Demonstração do Fluxo de Caixa (Método Direto);REAL;MIL;PENÚLTIMO;2022-01-01;2022-12-31;6.02;Caixa Líquido Atividades de Investimento;-166801.0000000000;S
16.838.421/0001-26;2023-12-31;1;XP INVESTIMENTOS S.A.;027111;DF Consolidado - Demonstração do Fluxo de Caixa (Método Direto);REAL;MIL;ÚLTIMO;2023-01-01;2023-12-31;6.02;Caixa Líquido Atividades de Investimento;-2856129.0000000000;S
16.838.421/0001-26;2023-12-31;1;XP INVESTIMENTOS S.A.;027111;DF Consolidado - Demonstração do Fluxo de Caixa (Método Direto);REAL;MIL;PENÚLTIMO;2022-01-01;2022-12-31;6.02.01;Aquisições de imobilizado;-44564.0000000000;N
16.838.421/0001-26;2023-12-31;1;XP INVESTIMENTOS S.A.;027111;DF Consolidado - Demonstração do Fluxo de Caixa (Método Direto);REAL;MIL;ÚLTIMO;2023-01-01;2023-12-31;6.02.01;Aquisições de imobilizado;-68525.0000000000;N
16.838.421/0001-26;2023-12-31;1;XP INVESTIMENTOS S.A.;027111;DF Consolidado - Demonstração do Fluxo de Caixa (Método Direto);REAL;MIL;PENÚLTIMO;2022-01-01;2022-12-31;6.02.02;Aquisição de intangível;-77403.0000000000;N
16.838.421/0001-26;2023-12-31;1;XP INVESTIMENTOS S.A.;027111;DF Consolidado - Demonstração do Fluxo de Caixa (Método Direto);REAL;MIL;ÚLTIMO;2023-01-01;2023-12-31;6.02.02;Aquisição de intangível;-134136.0000000000;N
16.838.421/0001-26;2023-12-31;1;XP INVESTIMENTOS S.A.;027111;DF Consolidado - Demonstração do Fluxo de Caixa (Método Direto);REAL;MIL;PENÚLTIMO;2022-01-01;2022-12-31;6.02.03;Aumento de capital em controladas;24698.0000000000;N
16.838.421/0001-26;2023-12-31;1;XP INVESTIMENTOS S.A.;027111;DF Consolidado - Demonstração do Fluxo de Caixa (Método Direto);REAL;MIL;ÚLTIMO;2023-01-01;2023-12-31;6.02.03;Aumento de capital em controladas;0.0000000000;N
16.838.421/0001-26;2023-12-31;1;XP INVESTIMENTOS S.A.;027111;DF Consolidado - Demonstração do Fluxo de Caixa (Método Direto);REAL;MIL;PENÚLTIMO;2022-01-01;2022-12-31;6.02.04;Caixa líquido de aquisição e venda de investimentos em coligadas e controladas;-69532.0000000000;N
16.838.421/0001-26;2023-12-31;1;XP INVESTIMENTOS S.A.;027111;DF Consolidado - Demonstração do Fluxo de Caixa (Método Direto);REAL;MIL;ÚLTIMO;2023-01-01;2023-12-31;6.02.04;Caixa líquido de aquisição e venda de investimentos em coligadas e controladas;-1538182.0000000000;N
16.838.421/0001-26;2023-12-31;1;XP INVESTIMENTOS S.A.;027111;DF Consolidado - Demonstração do Fluxo de Caixa (Método Direto);REAL;MIL;PENÚLTIMO;2022-01-01;2022-12-31;6.02.05;Dividendos recebidos de controladas e coligadas;0.0000000000;N
16.838.421/0001-26;2023-12-31;1;XP INVESTIMENTOS S.A.;027111;DF Consolidado - Demonstração do Fluxo de Caixa (Método Direto);REAL;MIL;ÚLTIMO;2023-01-01;2023-12-31;6.02.05;Dividendos recebidos de controladas e coligadas;0.0000000000;N
16.838.421/0001-26;2023-12-31;1;XP INVESTIMENTOS S.A.;027111;DF Consolidado - Demonstração do Fluxo de Caixa (Método Direto);REAL;MIL;PENÚLTIMO;2022-01-01;2022-12-31;6.02.06;Aquisição de controladas, líquido de caixa adquirido;0.0000000000;N
16.838.421/0001-26;2023-12-31;1;XP INVESTIMENTOS S.A.;027111;DF Consolidado - Demonstração do Fluxo de Caixa (Método Direto);REAL;MIL;ÚLTIMO;2023-01-01;2023-12-31;6.02.06;Aquisição de controladas, líquido de caixa adquirido;-1115286.0000000000;N
16.838.421/0001-26;2023-12-31;1;XP INVESTIMENTOS S.A.;027111;DF Consolidado - Demonstração do Fluxo de Caixa (Método Direto);REAL;MIL;PENÚLTIMO;2022-01-01;2022-12-31;6.03;Caixa Líquido Atividades de Financiamento;3109639.0000000000;S
16.838.421/0001-26;2023-12-31;1;XP INVESTIMENTOS S.A.;027111;DF Consolidado - Demonstração do Fluxo de Caixa (Método Direto);REAL;MIL;ÚLTIMO;2023-01-01;2023-12-31;6.03;Caixa Líquido Atividades de Financiamento;2550634.0000000000;S
16.838.421/0001-26;2023-12-31;1;XP INVESTIMENTOS S.A.;027111;DF Consolidado - Demonstração do Fluxo de Caixa (Método Direto);REAL;MIL;PENÚLTIMO;2022-01-01;2022-12-31;6.03.01;Captação de empréstimos e instrumentos de dívida;2704635.0000000000;N
16.838.421/0001-26;2023-12-31;1;XP INVESTIMENTOS S.A.;027111;DF Consolidado - Demonstração do Fluxo de Caixa (Método Direto);REAL;MIL;ÚLTIMO;2023-01-01;2023-12-31;6.03.01;Captação de empréstimos e instrumentos de dívida;4428558.0000000000;N
16.838.421/0001-26;2023-12-31;1;XP INVESTIMENTOS S.A.;027111;DF Consolidado - Demonstração do Fluxo de Caixa (Método Direto);REAL;MIL;PENÚLTIMO;2022-01-01;2022-12-31;6.03.02;Pagamento de empréstimos e arrendamento mercantil;-101716.0000000000;N
16.838.421/0001-26;2023-12-31;1;XP INVESTIMENTOS S.A.;027111;DF Consolidado - Demonstração do Fluxo de Caixa (Método Direto);REAL;MIL;ÚLTIMO;2023-01-01;2023-12-31;6.03.02;Pagamento de empréstimos e arrendamento mercantil;-1951452.0000000000;N
16.838.421/0001-26;2023-12-31;1;XP INVESTIMENTOS S.A.;027111;DF Consolidado - Demonstração do Fluxo de Caixa (Método Direto);REAL;MIL;PENÚLTIMO;2022-01-01;2022-12-31;6.03.03;Emissão de debêntures;0.0000000000;N
16.838.421/0001-26;2023-12-31;1;XP INVESTIMENTOS S.A.;027111;DF Consolidado - Demonstração do Fluxo de Caixa (Método Direto);REAL;MIL;ÚLTIMO;2023-01-01;2023-12-31;6.03.03;Emissão de debêntures;0.0000000000;N
16.838.421/0001-26;2023-12-31;1;XP INVESTIMENTOS S.A.;027111;DF Consolidado - Demonstração do Fluxo de Caixa (Método Direto);REAL;MIL;PENÚLTIMO;2022-01-01;2022-12-31;6.03.04;Pagamento de debêntures;-256000.0000000000;N
16.838.421/0001-26;2023-12-31;1;XP INVESTIMENTOS S.A.;027111;DF Consolidado - Demonstração do Fluxo de Caixa (Método Direto);REAL;MIL;ÚLTIMO;2023-01-01;2023-12-31;6.03.04;Pagamento de debêntures;-831103.0000000000;N
16.838.421/0001-26;2023-12-31;1;XP INVESTIMENTOS S.A.;027111;DF Consolidado - Demonstração do Fluxo de Caixa (Método Direto);REAL;MIL;PENÚLTIMO;2022-01-01;2022-12-31;6.03.05;Recompra de debêntures;0.0000000000;N
16.838.421/0001-26;2023-12-31;1;XP INVESTIMENTOS S.A.;027111;DF Consolidado - Demonstração do Fluxo de Caixa (Método Direto);REAL;MIL;ÚLTIMO;2023-01-01;2023-12-31;6.03.05;Recompra de debêntures;0.0000000000;N
16.838.421/0001-26;2023-12-31;1;XP INVESTIMENTOS S.A.;027111;DF Consolidado - Demonstração do Fluxo de Caixa (Método Direto);REAL;MIL;PENÚLTIMO;2022-01-01;2022-12-31;6.03.06;Dividendos pagos;0.0000000000;N
16.838.421/0001-26;2023-12-31;1;XP INVESTIMENTOS S.A.;027111;DF Consolidado - Demonstração do Fluxo de Caixa (Método Direto);REAL;MIL;ÚLTIMO;2023-01-01;2023-12-31;6.03.06;Dividendos pagos;0.0000000000;N
16.838.421/0001-26;2023-12-31;1;XP INVESTIMENTOS S.A.;027111;DF Consolidado - Demonstração do Fluxo de Caixa (Método Direto);REAL;MIL;PENÚLTIMO;2022-01-01;2022-12-31;6.03.07;Aumento de Capital;760877.0000000000;N
16.838.421/0001-26;2023-12-31;1;XP INVESTIMENTOS S.A.;027111;DF Consolidado - Demonstração do Fluxo de Caixa (Método Direto);REAL;MIL;ÚLTIMO;2023-01-01;2023-12-31;6.03.07;Aumento de Capital;907593.0000000000;N
16.838.421/0001-26;2023-12-31;1;XP INVESTIMENTOS S.A.;027111;DF Consolidado - Demonstração do Fluxo de Caixa (Método Direto);REAL;MIL;PENÚLTIMO;2022-01-01;2022-12-31;6.03.08;Outras participações de não-controladores;1843.0000000000;N
16.838.421/0001-26;2023-12-31;1;XP INVESTIMENTOS S.A.;027111;DF Consolidado - Demonstração do Fluxo de Caixa (Método Direto);REAL;MIL;ÚLTIMO;2023-01-01;2023-12-31;6.03.08;Outras participações de não-controladores;-2962.0000000000;N
16.838.421/0001-26;2023-12-31;1;XP INVESTIMENTOS S.A.;027111;DF Consolidado - Demonstração do Fluxo de Caixa (Método Direto);REAL;MIL;PENÚLTIMO;2022-01-01;2022-12-31;6.03.09;Dividendos pagos a não-controladores;0.0000000000;N
16.838.421/0001-26;2023-12-31;1;XP INVESTIMENTOS S.A.;027111;DF Consolidado - Demonstração do Fluxo de Caixa (Método Direto);REAL;MIL;ÚLTIMO;2023-01-01;2023-12-31;6.03.09;Dividendos pagos a não-controladores;0.0000000000;N
16.838.421/0001-26;2023-12-31;1;XP INVESTIMENTOS S.A.;027111;DF Consolidado - Demonstração do Fluxo de Caixa (Método Direto);REAL;MIL;PENÚLTIMO;2022-01-01;2022-12-31;6.04;Efeitos de Variação Cambial s/ Caixa e Equivalentes;-16682.0000000000;S
16.838.421/0001-26;2023-12-31;1;XP INVESTIMENTOS S.A.;027111;DF Consolidado - Demonstração do Fluxo de Caixa (Método Direto);REAL;MIL;ÚLTIMO;2023-01-01;2023-12-31;6.04;Efeitos de Variação Cambial s/ Caixa e Equivalentes;-12304.0000000000;S
16.838.421/0001-26;2023-12-31;1;XP INVESTIMENTOS S.A.;027111;DF Consolidado - Demonstração do Fluxo de Caixa (Método Direto);REAL;MIL;PENÚLTIMO;2022-01-01;2022-12-31;6.05;Aumento (Redução) de Caixa e Equivalentes;1786184.0000000000;S
16.838.421/0001-26;2023-12-31;1;XP INVESTIMENTOS S.A.;027111;DF Consolidado - Demonstração do Fluxo de Caixa (Método Direto);REAL;MIL;ÚLTIMO;2023-01-01;2023-12-31;6.05;Aumento (Redução) de Caixa e Equivalentes;2993392.0000000000;S
16.838.421/0001-26;2023-12-31;1;XP INVESTIMENTOS S.A.;027111;DF Consolidado - Demonstração do Fluxo de Caixa (Método Direto);REAL;MIL;PENÚLTIMO;2022-01-01;2022-12-31;6.05.01;Saldo Inicial de Caixa e Equivalentes;2442506.0000000000;S
16.838.421/0001-26;2023-12-31;1;XP INVESTIMENTOS S.A.;027111;DF Consolidado - Demonstração do Fluxo de Caixa (Método Direto);REAL;MIL;ÚLTIMO;2023-01-01;2023-12-31;6.05.01;Saldo Inicial de Caixa e Equivalentes;4228690.0000000000;S
16.838.421/0001-26;2023-12-31;1;XP INVESTIMENTOS S.A.;027111;DF Consolidado - Demonstração do Fluxo de Caixa (Método Direto);REAL;MIL;PENÚLTIMO;2022-01-01;2022-12-31;6.05.02;Saldo Final de Caixa e Equivalentes;4228690.0000000000;S
16.838.421/0001-26;2023-12-31;1;XP INVESTIMENTOS S.A.;027111;DF Consolidado - Demonstração do Fluxo de Caixa (Método Direto);REAL;MIL;ÚLTIMO;2023-01-01;2023-12-31;6.05.02;Saldo Final de Caixa e Equivalentes;7222082.0000000000;S
17.159.005/0001-64;2023-12-31;1;FIACAO E TECELAGEM SAO JOSE SA EM RECUPERACAO JUDICIAL;005983;DF Consolidado - Demonstração do Fluxo de Caixa (Método Direto);REAL;MIL;PENÚLTIMO;2022-01-01;2022-12-31;6.01;Caixa Líquido Atividades Operacionais;-6710.0000000000;S
17.159.005/0001-64;2023-12-31;1;FIACAO E TECELAGEM SAO JOSE SA EM RECUPERACAO JUDICIAL;005983;DF Consolidado - Demonstração do Fluxo de Caixa (Método Direto);REAL;MIL;ÚLTIMO;2023-01-01;2023-12-31;6.01;Caixa Líquido Atividades Operacionais;-9631.0000000000;S
17.159.005/0001-64;2023-12-31;1;FIACAO E TECELAGEM SAO JOSE SA EM RECUPERACAO JUDICIAL;005983;DF Consolidado - Demonstração do Fluxo de Caixa (Método Direto);REAL;MIL;PENÚLTIMO;2022-01-01;2022-12-31;6.02;Caixa Líquido Atividades de Investimento;0.0000000000;S
17.159.005/0001-64;2023-12-31;1;FIACAO E TECELAGEM SAO JOSE SA EM RECUPERACAO JUDICIAL;005983;DF Consolidado - Demonstração do Fluxo de Caixa (Método Direto);REAL;MIL;ÚLTIMO;2023-01-01;2023-12-31;6.02;Caixa Líquido Atividades de Investimento;0.0000000000;S
17.159.005/0001-64;2023-12-31;1;FIACAO E TECELAGEM SAO JOSE SA EM RECUPERACAO JUDICIAL;005983;DF Consolidado - Demonstração do Fluxo de Caixa (Método Direto);REAL;MIL;PENÚLTIMO;2022-01-01;2022-12-31;6.03;Caixa Líquido Atividades de Financiamento;6710.0000000000;S
17.159.005/0001-64;2023-12-31;1;FIACAO E TECELAGEM SAO JOSE SA EM RECUPERACAO JUDICIAL;005983;DF Consolidado - Demonstração do Fluxo de Caixa (Método Direto);REAL;MIL;ÚLTIMO;2023-01-01;2023-12-31;6.03;Caixa Líquido Atividades de Financiamento;9631.0000000000;S
17.159.005/0001-64;2023-12-31;1;FIACAO E TECELAGEM SAO JOSE SA EM RECUPERACAO JUDICIAL;005983;DF Consolidado - Demonstração do Fluxo de Caixa (Método Direto);REAL;MIL;PENÚLTIMO;2022-01-01;2022-12-31;6.04;Variação Cambial s/ Caixa e Equivalentes;0.0000000000;S
17.159.005/0001-64;2023-12-31;1;FIACAO E TECELAGEM SAO JOSE SA EM RECUPERACAO JUDICIAL;005983;DF Consolidado - Demonstração do Fluxo de Caixa (Método Direto);REAL;MIL;ÚLTIMO;2023-01-01;2023-12-31;6.04;Variação Cambial s/ Caixa e Equivalentes;0.0000000000;S
17.159.005/0001-64;2023-12-31;1;FIACAO E TECELAGEM SAO JOSE SA EM RECUPERACAO JUDICIAL;005983;DF Consolidado - Demonstração do Fluxo de Caixa (Método Direto);REAL;MIL;PENÚLTIMO;2022-01-01;2022-12-31;6.05;Aumento (Redução) de Caixa e Equivalentes;0.0000000000;S
17.159.005/0001-64;2023-12-31;1;FIACAO E TECELAGEM SAO JOSE SA EM RECUPERACAO JUDICIAL;005983;DF Consolidado - Demonstração do Fluxo de Caixa (Método Direto);REAL;MIL;ÚLTIMO;2023-01-01;2023-12-31;6.05;Aumento (Redução) de Caixa e Equivalentes;0.0000000000;S
17.159.005/0001-64;2023-12-31;1;FIACAO E TECELAGEM SAO JOSE SA EM RECUPERACAO JUDICIAL;005983;DF Consolidado - Demonstração do Fluxo de Caixa (Método Direto);REAL;MIL;PENÚLTIMO;2022-01-01;2022-12-31;6.05.01;Saldo Inicial de Caixa e Equivalentes;30.0000000000;S
17.159.005/0001-64;2023-12-31;1;FIACAO E TECELAGEM SAO JOSE SA EM RECUPERACAO JUDICIAL;005983;DF Consolidado - Demonstração do Fluxo de Caixa (Método Direto);REAL;MIL;ÚLTIMO;2023-01-01;2023-12-31;6.05.01;Saldo Inicial de Caixa e Equivalentes;30.0000000000;S
17.159.005/0001-64;2023-12-31;1;FIACAO E TECELAGEM SAO JOSE SA EM RECUPERACAO JUDICIAL;005983;DF Consolidado - Demonstração do Fluxo de Caixa (Método Direto);REAL;MIL;PENÚLTIMO;2022-01-01;2022-12-31;6.05.02;Saldo Final de Caixa e Equivalentes;30.0000000000;S
17.159.005/0001-64;2023-12-31;1;FIACAO E TECELAGEM SAO JOSE SA EM RECUPERACAO JUDICIAL;005983;DF Consolidado - Demonstração do Fluxo de Caixa (Método Direto);REAL;MIL;ÚLTIMO;2023-01-01;2023-12-31;6.05.02;Saldo Final de Caixa e Equivalentes;30.0000000000;S
30.540.991/0001-66;2023-12-31;1;HAGA S.A. INDUSTRIA E COMERCIO;013366;DF Consolidado - Demonstração do Fluxo de Caixa (Método Direto);REAL;UNIDADE;PENÚLTIMO;2022-01-01;2022-12-31;6.01;Caixa Líquido Atividades Operacionais;541530.0000000000;S
30.540.991/0001-66;2023-12-31;1;HAGA S.A. INDUSTRIA E COMERCIO;013366;DF Consolidado - Demonstração do Fluxo de Caixa (Método Direto);REAL;UNIDADE;ÚLTIMO;2023-01-01;2023-12-31;6.01;Caixa Líquido Atividades Operacionais;5634571.0000000000;S
30.540.991/0001-66;2023-12-31;1;HAGA S.A. INDUSTRIA E COMERCIO;013366;DF Consolidado - Demonstração do Fluxo de Caixa (Método Direto);REAL;UNIDADE;PENÚLTIMO;2022-01-01;2022-12-31;6.02;Caixa Líquido Atividades de Investimento;88595.0000000000;S
30.540.991/0001-66;2023-12-31;1;HAGA S.A. INDUSTRIA E COMERCIO;013366;DF Consolidado - Demonstração do Fluxo de Caixa (Método Direto);REAL;UNIDADE;ÚLTIMO;2023-01-01;2023-12-31;6.02;Caixa Líquido Atividades de Investimento;-668636.0000000000;S
30.540.991/0001-66;2023-12-31;1;HAGA S.A. INDUSTRIA E COMERCIO;013366;DF Consolidado - Demonstração do Fluxo de Caixa (Método Direto);REAL;UNIDADE;PENÚLTIMO;2022-01-01;2022-12-31;6.03;Caixa Líquido Atividades de Financiamento;-43353.0000000000;S
30.540.991/0001-66;2023-12-31;1;HAGA S.A. INDUSTRIA E COMERCIO;013366;DF Consolidado - Demonstração do Fluxo de Caixa (Método Direto);REAL;UNIDADE;ÚLTIMO;2023-01-01;2023-12-31;6.03;Caixa Líquido Atividades de Financiamento;0.0000000000;S
30.540.991/0001-66;2023-12-31;1;HAGA S.A. INDUSTRIA E COMERCIO;013366;DF Consolidado - Demonstração do Fluxo de Caixa (Método Direto);REAL;UNIDADE;PENÚLTIMO;2022-01-01;2022-12-31;6.04;Variação Cambial s/ Caixa e Equivalentes;0.0000000000;S
30.540.991/0001-66;2023-12-31;1;HAGA S.A. INDUSTRIA E COMERCIO;013366;DF Consolidado - Demonstração do Fluxo de Caixa (Método Direto);REAL;UNIDADE;ÚLTIMO;2023-01-01;2023-12-31;6.04;Variação Cambial s/ Caixa e Equivalentes;0.0000000000;S
30.540.991/0001-66;2023-12-31;1;HAGA S.A. INDUSTRIA E COMERCIO;013366;DF Consolidado - Demonstração do Fluxo de Caixa (Método Direto);REAL;UNIDADE;PENÚLTIMO;2022-01-01;2022-12-31;6.05;Aumento (Redução) de Caixa e Equivalentes;586772.0000000000;S
30.540.991/0001-66;2023-12-31;1;HAGA S.A. INDUSTRIA E COMERCIO;013366;DF Consolidado - Demonstração do Fluxo de Caixa (Método Direto);REAL;UNIDADE;ÚLTIMO;2023-01-01;2023-12-31;6.05;Aumento (Redução) de Caixa e Equivalentes;4965935.0000000000;S
30.540.991/0001-66;2023-12-31;1;HAGA S.A. INDUSTRIA E COMERCIO;013366;DF Consolidado - Demonstração do Fluxo de Caixa (Método Direto);REAL;UNIDADE;PENÚLTIMO;2022-01-01;2022-12-31;6.05.01;Saldo Inicial de Caixa e Equivalentes;37608167.0000000000;S
30.540.991/0001-66;2023-12-31;1;HAGA S.A. INDUSTRIA E COMERCIO;013366;DF Consolidado - Demonstração do Fluxo de Caixa (Método Direto);REAL;UNIDADE;ÚLTIMO;2023-01-01;2023-12-31;6.05.01;Saldo Inicial de Caixa e Equivalentes;38194939.0000000000;S
30.540.991/0001-66;2023-12-31;1;HAGA S.A. INDUSTRIA E COMERCIO;013366;DF Consolidado - Demonstração do Fluxo de Caixa (Método Direto);REAL;UNIDADE;PENÚLTIMO;2022-01-01;2022-12-31;6.05.02;Saldo Final de Caixa e Equivalentes;38194939.0000000000;S
30.540.991/0001-66;2023-12-31;1;HAGA S.A. INDUSTRIA E COMERCIO;013366;DF Consolidado - Demonstração do Fluxo de Caixa (Método Direto);REAL;UNIDADE;ÚLTIMO;2023-01-01;2023-12-31;6.05.02;Saldo Final de Caixa e Equivalentes;43160874.0000000000;S
35.822.503/0001-27;2023-12-31;1;INSPIRALI EDUCAÇÃO S.A.;027251;DF Consolidado - Demonstração do Fluxo de Caixa (Método Direto);REAL;MIL;PENÚLTIMO;2022-01-01;2022-12-31;6.01;Caixa Líquido Atividades Operacionais;409094.0000000000;S
35.822.503/0001-27;2023-12-31;1;INSPIRALI EDUCAÇÃO S.A.;027251;DF Consolidado - Demonstração do Fluxo de Caixa (Método Direto);REAL;MIL;ÚLTIMO;2023-01-01;2023-12-31;6.01;Caixa Líquido Atividades Operacionais;602450.0000000000;S
35.822.503/0001-27;2023-12-31;1;INSPIRALI EDUCAÇÃO S.A.;027251;DF Consolidado - Demonstração do Fluxo de Caixa (Método Direto);REAL;MIL;PENÚLTIMO;2022-01-01;2022-12-31;6.01.01;Lucro (prejuízo) do exercício;490499.0000000000;N
35.822.503/0001-27;2023-12-31;1;INSPIRALI EDUCAÇÃO S.A.;027251;DF Consolidado - Demonstração do Fluxo de Caixa (Método Direto);REAL;MIL;ÚLTIMO;2023-01-01;2023-12-31;6.01.01;Lucro (prejuízo) do exercício;220435.0000000000;N
35.822.503/0001-27;2023-12-31;1;INSPIRALI EDUCAÇÃO S.A.;027251;DF Consolidado - Demonstração do Fluxo de Caixa (Método Direto);REAL;MIL;PENÚLTIMO;2022-01-01;2022-12-31;6.01.02;Perdas estimadas para crédito de liquidação duvidosa Atualização (reversão) depósito judicial;88575.0000000000;N
35.822.503/0001-27;2023-12-31;1;INSPIRALI EDUCAÇÃO S.A.;027251;DF Consolidado - Demonstração do Fluxo de Caixa (Método Direto);REAL;MIL;ÚLTIMO;2023-01-01;2023-12-31;6.01.02;Perdas estimadas para crédito de liquidação duvidosa Atualização (reversão) depósito judicial;135262.0000000000;N
35.822.503/0001-27;2023-12-31;1;INSPIRALI EDUCAÇÃO S.A.;027251;DF Consolidado - Demonstração do Fluxo de Caixa (Método Direto);REAL;MIL;PENÚLTIMO;2022-01-01;2022-12-31;6.01.03;Depreciação e amortização (exceto arrendamentos) Amortização direito de uso de arrendamentos;451068.0000000000;N
35.822.503/0001-27;2023-12-31;1;INSPIRALI EDUCAÇÃO S.A.;027251;DF Consolidado - Demonstração do Fluxo de Caixa (Método Direto);REAL;MIL;ÚLTIMO;2023-01-01;2023-12-31;6.01.03;Depreciação e amortização (exceto arrendamentos) Amortização direito de uso de arrendamentos;401531.0000000000;N
35.822.503/0001-27;2023-12-31;1;INSPIRALI EDUCAÇÃO S.A.;027251;DF Consolidado - Demonstração do Fluxo de Caixa (Método Direto);REAL;MIL;PENÚLTIMO;2022-01-01;2022-12-31;6.01.04;Baixa de valor residual de imobilizado e intangível Baixa direito de uso de arrendamentos;2401.0000000000;N
35.822.503/0001-27;2023-12-31;1;INSPIRALI EDUCAÇÃO S.A.;027251;DF Consolidado - Demonstração do Fluxo de Caixa (Método Direto);REAL;MIL;ÚLTIMO;2023-01-01;2023-12-31;6.01.04;Baixa de valor residual de imobilizado e intangível Baixa direito de uso de arrendamentos;-4427.0000000000;N
35.822.503/0001-27;2023-12-31;1;INSPIRALI EDUCAÇÃO S.A.;027251;DF Consolidado - Demonstração do Fluxo de Caixa (Método Direto);REAL;MIL;PENÚLTIMO;2022-01-01;2022-12-31;6.01.05;Resultado de equivalência patrimonial;0.0000000000;N
35.822.503/0001-27;2023-12-31;1;INSPIRALI EDUCAÇÃO S.A.;027251;DF Consolidado - Demonstração do Fluxo de Caixa (Método Direto);REAL;MIL;ÚLTIMO;2023-01-01;2023-12-31;6.01.05;Resultado de equivalência patrimonial;0.0000000000;N
35.822.503/0001-27;2023-12-31;1;INSPIRALI EDUCAÇÃO S.A.;027251;DF Consolidado - Demonstração do Fluxo de Caixa (Método Direto);REAL;MIL;PENÚLTIMO;2022-01-01;2022-12-31;6.01.06;Desp juros Empr, Finan, Debentures Const., Atualiz. E reversao prov Risco Desp Financ Arrend Rec;395439.0000000000;N
35.822.503/0001-27;2023-12-31;1;INSPIRALI EDUCAÇÃO S.A.;027251;DF Consolidado - Demonstração do Fluxo de Caixa (Método Direto);REAL;MIL;ÚLTIMO;2023-01-01;2023-12-31;6.01.06;Desp juros Empr, Finan, Debentures Const., Atualiz. E reversao prov Risco Desp Financ Arrend Rec;526830.0000000000;N
35.822.503/0001-27;2023-12-31;1;INSPIRALI EDUCAÇÃO S.A.;027251;DF Consolidado - Demonstração do Fluxo de Caixa (Método Direto);REAL;MIL;PENÚLTIMO;2022-01-01;2022-12-31;6.01.07;Valor justo bolsa Proies e Earn Out;16732.0000000000;N
35.822.503/0001-27;2023-12-31;1;INSPIRALI EDUCAÇÃO S.A.;027251;DF Consolidado - Demonstração do Fluxo de Caixa (Método Direto);REAL;MIL;ÚLTIMO;2023-01-01;2023-12-31;6.01.07;Valor justo bolsa Proies e Earn Out;-89378.0000000000;N
35.822.503/0001-27;2023-12-31;1;INSPIRALI EDUCAÇÃO S.A.;027251;DF Consolidado - Demonstração do Fluxo de Caixa (Método Direto);REAL;MIL;PENÚLTIMO;2022-01-01;2022-12-31;6.01.08;IR e CS Corr e Dif Outros;-432770.0000000000;N
35.822.503/0001-27;2023-12-31;1;INSPIRALI EDUCAÇÃO S.A.;027251;DF Consolidado - Demonstração do Fluxo de Caixa (Método Direto);REAL;MIL;ÚLTIMO;2023-01-01;2023-12-31;6.01.08;IR e CS Corr e Dif Outros;-293.0000000000;N
35.822.503/0001-27;2023-12-31;1;INSPIRALI EDUCAÇÃO S.A.;027251;DF Consolidado - Demonstração do Fluxo de Caixa (Método Direto);REAL;MIL;PENÚLTIMO;2022-01-01;2022-12-31;6.01.09;Redução (aumento) C. a Rec. Outros Ativos Reemb a Rec Antigos proprietários;-287216.0000000000;N
35.822.503/0001-27;2023-12-31;1;INSPIRALI EDUCAÇÃO S.A.;027251;DF Consolidado - Demonstração do Fluxo de Caixa (Método Direto);REAL;MIL;ÚLTIMO;2023-01-01;2023-12-31;6.01.09;Redução (aumento) C. a Rec. Outros Ativos Reemb a Rec Antigos proprietários;-38293.0000000000;N
35.822.503/0001-27;2023-12-31;1;INSPIRALI EDUCAÇÃO S.A.;027251;DF Consolidado - Demonstração do Fluxo de Caixa (Método Direto);REAL;MIL;PENÚLTIMO;2022-01-01;2022-12-31;6.01.10;Redução (aumento) Adiant Div. Dep Jud. IR e CS a Recuperar;-24792.0000000000;N
35.822.503/0001-27;2023-12-31;1;INSPIRALI EDUCAÇÃO S.A.;027251;DF Consolidado - Demonstração do Fluxo de Caixa (Método Direto);REAL;MIL;ÚLTIMO;2023-01-01;2023-12-31;6.01.10;Redução (aumento) Adiant Div. Dep Jud. IR e CS a Recuperar;-5962.0000000000;N
35.822.503/0001-27;2023-12-31;1;INSPIRALI EDUCAÇÃO S.A.;027251;DF Consolidado - Demonstração do Fluxo de Caixa (Método Direto);REAL;MIL;PENÚLTIMO;2022-01-01;2022-12-31;6.01.11;(Redução) aumento de Fornec. Adiant. Clientes Tit a Pagar Prov de Riscos Outros Passivos;-2772.0000000000;N
35.822.503/0001-27;2023-12-31;1;INSPIRALI EDUCAÇÃO S.A.;027251;DF Consolidado - Demonstração do Fluxo de Caixa (Método Direto);REAL;MIL;ÚLTIMO;2023-01-01;2023-12-31;6.01.11;(Redução) aumento de Fornec. Adiant. Clientes Tit a Pagar Prov de Riscos Outros Passivos;-150528.0000000000;N
35.822.503/0001-27;2023-12-31;1;INSPIRALI EDUCAÇÃO S.A.;027251;DF Consolidado - Demonstração do Fluxo de Caixa (Método Direto);REAL;MIL;PENÚLTIMO;2022-01-01;2022-12-31;6.01.12;(Redução) aumento Obg Trib. Sociais e Salários;7523.0000000000;N
35.822.503/0001-27;2023-12-31;1;INSPIRALI EDUCAÇÃO S.A.;027251;DF Consolidado - Demonstração do Fluxo de Caixa (Método Direto);REAL;MIL;ÚLTIMO;2023-01-01;2023-12-31;6.01.12;(Redução) aumento Obg Trib. Sociais e Salários;42251.0000000000;N
35.822.503/0001-27;2023-12-31;1;INSPIRALI EDUCAÇÃO S.A.;027251;DF Consolidado - Demonstração do Fluxo de Caixa (Método Direto);REAL;MIL;PENÚLTIMO;2022-01-01;2022-12-31;6.01.13;Juros Pagos s/ Arrend. Emprest. Fianc. E Debentures;-295593.0000000000;N
35.822.503/0001-27;2023-12-31;1;INSPIRALI EDUCAÇÃO S.A.;027251;DF Consolidado - Demonstração do Fluxo de Caixa (Método Direto);REAL;MIL;ÚLTIMO;2023-01-01;2023-12-31;6.01.13;Juros Pagos s/ Arrend. Emprest. Fianc. E Debentures;-434978.0000000000;N
35.822.503/0001-27;2023-12-31;1;INSPIRALI EDUCAÇÃO S.A.;027251;DF Consolidado - Demonstração do Fluxo de Caixa (Método Direto);REAL;MIL;PENÚLTIMO;2022-01-01;2022-12-31;6.02;Caixa Líquido Atividades de Investimento;-2705837.0000000000;S
35.822.503/0001-27;2023-12-31;1;INSPIRALI EDUCAÇÃO S.A.;027251;DF Consolidado - Demonstração do Fluxo de Caixa (Método Direto);REAL;MIL;ÚLTIMO;2023-01-01;2023-12-31;6.02;Caixa Líquido Atividades de Investimento;-151856.0000000000;S
35.822.503/0001-27;2023-12-31;1;INSPIRALI EDUCAÇÃO S.A.;027251;DF Consolidado - Demonstração do Fluxo de Caixa (Método Direto);REAL;MIL;PENÚLTIMO;2022-01-01;2022-12-31;6.02.01;Adiantamento para futuro aumento de capital - não controladores;0.0000000000;N
35.822.503/0001-27;2023-12-31;1;INSPIRALI EDUCAÇÃO S.A.;027251;DF Consolidado - Demonstração do Fluxo de Caixa (Método Direto);REAL;MIL;ÚLTIMO;2023-01-01;2023-12-31;6.02.01;Adiantamento para futuro aumento de capital - não controladores;-22767.0000000000;N
35.822.503/0001-27;2023-12-31;1;INSPIRALI EDUCAÇÃO S.A.;027251;DF Consolidado - Demonstração do Fluxo de Caixa (Método Direto);REAL;MIL;PENÚLTIMO;2022-01-01;2022-12-31;6.02.02;Aumento de capital em coligada;-482.0000000000;N
35.822.503/0001-27;2023-12-31;1;INSPIRALI EDUCAÇÃO S.A.;027251;DF Consolidado - Demonstração do Fluxo de Caixa (Método Direto);REAL;MIL;ÚLTIMO;2023-01-01;2023-12-31;6.02.02;Aumento de capital em coligada;0.0000000000;N
35.822.503/0001-27;2023-12-31;1;INSPIRALI EDUCAÇÃO S.A.;027251;DF Consolidado - Demonstração do Fluxo de Caixa (Método Direto);REAL;MIL;PENÚLTIMO;2022-01-01;2022-12-31;6.02.03;Aquisições de controladas líquidas dos caixas adquiridos;-1975446.0000000000;N
35.822.503/0001-27;2023-12-31;1;INSPIRALI EDUCAÇÃO S.A.;027251;DF Consolidado - Demonstração do Fluxo de Caixa (Método Direto);REAL;MIL;ÚLTIMO;2023-01-01;2023-12-31;6.02.03;Aquisições de controladas líquidas dos caixas adquiridos;-3697.0000000000;N
35.822.503/0001-27;2023-12-31;1;INSPIRALI EDUCAÇÃO S.A.;027251;DF Consolidado - Demonstração do Fluxo de Caixa (Método Direto);REAL;MIL;PENÚLTIMO;2022-01-01;2022-12-31;6.02.04;Caixa proveniente de investimento (controladas);0.0000000000;N
35.822.503/0001-27;2023-12-31;1;INSPIRALI EDUCAÇÃO S.A.;027251;DF Consolidado - Demonstração do Fluxo de Caixa (Método Direto);REAL;MIL;ÚLTIMO;2023-01-01;2023-12-31;6.02.04;Caixa proveniente de investimento (controladas);0.0000000000;N
35.822.503/0001-27;2023-12-31;1;INSPIRALI EDUCAÇÃO S.A.;027251;DF Consolidado - Demonstração do Fluxo de Caixa (Método Direto);REAL;MIL;PENÚLTIMO;2022-01-01;2022-12-31;6.02.05;Resgate de (investimento em) aplicações financeiras;-534182.0000000000;N
35.822.503/0001-27;2023-12-31;1;INSPIRALI EDUCAÇÃO S.A.;027251;DF Consolidado - Demonstração do Fluxo de Caixa (Método Direto);REAL;MIL;ÚLTIMO;2023-01-01;2023-12-31;6.02.05;Resgate de (investimento em) aplicações financeiras;135331.0000000000;N
35.822.503/0001-27;2023-12-31;1;INSPIRALI EDUCAÇÃO S.A.;027251;DF Consolidado - Demonstração do Fluxo de Caixa (Método Direto);REAL;MIL;PENÚLTIMO;2022-01-01;2022-12-31;6.02.06;Rendimento de aplicações financeiras;-96375.0000000000;N
35.822.503/0001-27;2023-12-31;1;INSPIRALI EDUCAÇÃO S.A.;027251;DF Consolidado - Demonstração do Fluxo de Caixa (Método Direto);REAL;MIL;ÚLTIMO;2023-01-01;2023-12-31;6.02.06;Rendimento de aplicações financeiras;-110208.0000000000;N
35.822.503/0001-27;2023-12-31;1;INSPIRALI EDUCAÇÃO S.A.;027251;DF Consolidado - Demonstração do Fluxo de Caixa (Método Direto);REAL;MIL;PENÚLTIMO;2022-01-01;2022-12-31;6.02.07;Compra de ativo imobilizado;-63338.0000000000;N
35.822.503/0001-27;2023-12-31;1;INSPIRALI EDUCAÇÃO S.A.;027251;DF Consolidado - Demonstração do Fluxo de Caixa (Método Direto);REAL;MIL;ÚLTIMO;2023-01-01;2023-12-31;6.02.07;Compra de ativo imobilizado;-83059.0000000000;N
35.822.503/0001-27;2023-12-31;1;INSPIRALI EDUCAÇÃO S.A.;027251;DF Consolidado - Demonstração do Fluxo de Caixa (Método Direto);REAL;MIL;PENÚLTIMO;2022-01-01;2022-12-31;6.02.08;Compra de ativo intangível;-36014.0000000000;N
35.822.503/0001-27;2023-12-31;1;INSPIRALI EDUCAÇÃO S.A.;027251;DF Consolidado - Demonstração do Fluxo de Caixa (Método Direto);REAL;MIL;ÚLTIMO;2023-01-01;2023-12-31;6.02.08;Compra de ativo intangível;-67456.0000000000;N
35.822.503/0001-27;2023-12-31;1;INSPIRALI EDUCAÇÃO S.A.;027251;DF Consolidado - Demonstração do Fluxo de Caixa (Método Direto);REAL;MIL;PENÚLTIMO;2022-01-01;2022-12-31;6.03;Caixa Líquido Atividades de Financiamento;2507514.0000000000;S
35.822.503/0001-27;2023-12-31;1;INSPIRALI EDUCAÇÃO S.A.;027251;DF Consolidado - Demonstração do Fluxo de Caixa (Método Direto);REAL;MIL;ÚLTIMO;2023-01-01;2023-12-31;6.03;Caixa Líquido Atividades de Financiamento;-526430.0000000000;S
35.822.503/0001-27;2023-12-31;1;INSPIRALI EDUCAÇÃO S.A.;027251;DF Consolidado - Demonstração do Fluxo de Caixa (Método Direto);REAL;MIL;PENÚLTIMO;2022-01-01;2022-12-31;6.03.01;Mútuos com partes relacionadas - Captações;938.0000000000;N
35.822.503/0001-27;2023-12-31;1;INSPIRALI EDUCAÇÃO S.A.;027251;DF Consolidado - Demonstração do Fluxo de Caixa (Método Direto);REAL;MIL;ÚLTIMO;2023-01-01;2023-12-31;6.03.01;Mútuos com partes relacionadas - Captações;-105.0000000000;N
35.822.503/0001-27;2023-12-31;1;INSPIRALI EDUCAÇÃO S.A.;027251;DF Consolidado - Demonstração do Fluxo de Caixa (Método Direto);REAL;MIL;PENÚLTIMO;2022-01-01;2022-12-31;6.03.02;Mútuos com partes relacionadas - Amortizações;0.0000000000;N
35.822.503/0001-27;2023-12-31;1;INSPIRALI EDUCAÇÃO S.A.;027251;DF Consolidado - Demonstração do Fluxo de Caixa (Método Direto);REAL;MIL;ÚLTIMO;2023-01-01;2023-12-31;6.03.02;Mútuos com partes relacionadas - Amortizações;0.0000000000;N
35.822.503/0001-27;2023-12-31;1;INSPIRALI EDUCAÇÃO S.A.;027251;DF Consolidado - Demonstração do Fluxo de Caixa (Método Direto);REAL;MIL;PENÚLTIMO;2022-01-01;2022-12-31;6.03.03;Empréstimos, financiamentos e debêntures - Captações;1960420.0000000000;N
35.822.503/0001-27;2023-12-31;1;INSPIRALI EDUCAÇÃO S.A.;027251;DF Consolidado - Demonstração do Fluxo de Caixa (Método Direto);REAL;MIL;ÚLTIMO;2023-01-01;2023-12-31;6.03.03;Empréstimos, financiamentos e debêntures - Captações;4926.0000000000;N
35.822.503/0001-27;2023-12-31;1;INSPIRALI EDUCAÇÃO S.A.;027251;DF Consolidado - Demonstração do Fluxo de Caixa (Método Direto);REAL;MIL;PENÚLTIMO;2022-01-01;2022-12-31;6.03.04;Empréstimos, financiamentos e debêntures - Amortizações;-1601.0000000000;N
35.822.503/0001-27;2023-12-31;1;INSPIRALI EDUCAÇÃO S.A.;027251;DF Consolidado - Demonstração do Fluxo de Caixa (Método Direto);REAL;MIL;ÚLTIMO;2023-01-01;2023-12-31;6.03.04;Empréstimos, financiamentos e debêntures - Amortizações;-6074.0000000000;N
35.822.503/0001-27;2023-12-31;1;INSPIRALI EDUCAÇÃO S.A.;027251;DF Consolidado - Demonstração do Fluxo de Caixa (Método Direto);REAL;MIL;PENÚLTIMO;2022-01-01;2022-12-31;6.03.05;Amortização de títulos a pagar na aquisição de controladas;-225244.0000000000;N
35.822.503/0001-27;2023-12-31;1;INSPIRALI EDUCAÇÃO S.A.;027251;DF Consolidado - Demonstração do Fluxo de Caixa (Método Direto);REAL;MIL;ÚLTIMO;2023-01-01;2023-12-31;6.03.05;Amortização de títulos a pagar na aquisição de controladas;-98964.0000000000;N
35.822.503/0001-27;2023-12-31;1;INSPIRALI EDUCAÇÃO S.A.;027251;DF Consolidado - Demonstração do Fluxo de Caixa (Método Direto);REAL;MIL;PENÚLTIMO;2022-01-01;2022-12-31;6.03.06;Pagamento de arrendamentos;-153130.0000000000;N
35.822.503/0001-27;2023-12-31;1;INSPIRALI EDUCAÇÃO S.A.;027251;DF Consolidado - Demonstração do Fluxo de Caixa (Método Direto);REAL;MIL;ÚLTIMO;2023-01-01;2023-12-31;6.03.06;Pagamento de arrendamentos;-133050.0000000000;N
35.822.503/0001-27;2023-12-31;1;INSPIRALI EDUCAÇÃO S.A.;027251;DF Consolidado - Demonstração do Fluxo de Caixa (Método Direto);REAL;MIL;PENÚLTIMO;2022-01-01;2022-12-31;6.03.07;Aumento de capital (Custo de captação);1006490.0000000000;N
35.822.503/0001-27;2023-12-31;1;INSPIRALI EDUCAÇÃO S.A.;027251;DF Consolidado - Demonstração do Fluxo de Caixa (Método Direto);REAL;MIL;ÚLTIMO;2023-01-01;2023-12-31;6.03.07;Aumento de capital (Custo de captação);0.0000000000;N
35.822.503/0001-27;2023-12-31;1;INSPIRALI EDUCAÇÃO S.A.;027251;DF Consolidado - Demonstração do Fluxo de Caixa (Método Direto);REAL;MIL;PENÚLTIMO;2022-01-01;2022-12-31;6.03.08;Dividendos pagos;-80359.0000000000;N
35.822.503/0001-27;2023-12-31;1;INSPIRALI EDUCAÇÃO S.A.;027251;DF Consolidado - Demonstração do Fluxo de Caixa (Método Direto);REAL;MIL;ÚLTIMO;2023-01-01;2023-12-31;6.03.08;Dividendos pagos;-293163.0000000000;N
35.822.503/0001-27;2023-12-31;1;INSPIRALI EDUCAÇÃO S.A.;027251;DF Consolidado - Demonstração do Fluxo de Caixa (Método Direto);REAL;MIL;PENÚLTIMO;2022-01-01;2022-12-31;6.04;Variação Cambial s/ Caixa e Equivalentes;0.0000000000;S
35.822.503/0001-27;2023-12-31;1;INSPIRALI EDUCAÇÃO S.A.;027251;DF Consolidado - Demonstração do Fluxo de Caixa (Método Direto);REAL;MIL;ÚLTIMO;2023-01-01;2023-12-31;6.04;Variação Cambial s/ Caixa e Equivalentes;0.0000000000;S
35.822.503/0001-27;2023-12-31;1;INSPIRALI EDUCAÇÃO S.A.;027251;DF Consolidado - Demonstração do Fluxo de Caixa (Método Direto);REAL;MIL;PENÚLTIMO;2022-01-01;2022-12-31;6.05;Aumento (Redução) de Caixa e Equivalentes;210771.0000000000;S
35.822.503/0001-27;2023-12-31;1;INSPIRALI EDUCAÇÃO S.A.;027251;DF Consolidado - Demonstração do Fluxo de Caixa (Método Direto);REAL;MIL;ÚLTIMO;2023-01-01;2023-12-31;6.05;Aumento (Redução) de Caixa e Equivalentes;-75836.0000000000;S
35.822.503/0001-27;2023-12-31;1;INSPIRALI EDUCAÇÃO S.A.;027251;DF Consolidado - Demonstração do Fluxo de Caixa (Método Direto);REAL;MIL;PENÚLTIMO;2022-01-01;2022-12-31;6.05.01;Saldo Inicial de Caixa e Equivalentes;4682.0000000000;S
35.822.503/0001-27;2023-12-31;1;INSPIRALI EDUCAÇÃO S.A.;027251;DF Consolidado - Demonstração do Fluxo de Caixa (Método Direto);REAL;MIL;ÚLTIMO;2023-01-01;2023-12-31;6.05.01;Saldo Inicial de Caixa e Equivalentes;215453.0000000000;S
35.822.503/0001-27;2023-12-31;1;INSPIRALI EDUCAÇÃO S.A.;027251;DF Consolidado - Demonstração do Fluxo de Caixa (Método Direto);REAL;MIL;PENÚLTIMO;2022-01-01;2022-12-31;6.05.02;Saldo Final de Caixa e Equivalentes;215453.0000000000;S
35.822.503/0001-27;2023-12-31;1;INSPIRALI EDUCAÇÃO S.A.;027251;DF Consolidado - Demonstração do Fluxo de Caixa (Método Direto);REAL;MIL;ÚLTIMO;2023-01-01;2023-12-31;6.05.02;Saldo Final de Caixa e Equivalentes;139617.0000000000;S
60.537.263/0001-66;2023-12-31;1;ALLPARK EMPREENDIMENTOS, PARTICIPAÇÕES E SERVIÇOS S.A.;024953;DF Consolidado - Demonstração do Fluxo de Caixa (Método Direto);REAL;MIL;PENÚLTIMO;2022-01-01;2022-12-31;6.01;Caixa Líquido Atividades Operacionais;395860.0000000000;S
60.537.263/0001-66;2023-12-31;1;ALLPARK EMPREENDIMENTOS, PARTICIPAÇÕES E SERVIÇOS S.A.;024953;DF Consolidado - Demonstração do Fluxo de Caixa (Método Direto);REAL;MIL;ÚLTIMO;2023-01-01;2023-12-31;6.01;Caixa Líquido Atividades Operacionais;439980.0000000000;S
60.537.263/0001-66;2023-12-31;1;ALLPARK EMPREENDIMENTOS, PARTICIPAÇÕES E SERVIÇOS S.A.;024953;DF Consolidado - Demonstração do Fluxo de Caixa (Método Direto);REAL;MIL;PENÚLTIMO;2022-01-01;2022-12-31;6.02;Caixa Líquido Atividades de Investimento;-74394.0000000000;S
60.537.263/0001-66;2023-12-31;1;ALLPARK EMPREENDIMENTOS, PARTICIPAÇÕES E SERVIÇOS S.A.;024953;DF Consolidado - Demonstração do Fluxo de Caixa (Método Direto);REAL;MIL;ÚLTIMO;2023-01-01;2023-12-31;6.02;Caixa Líquido Atividades de Investimento;-90678.0000000000;S
60.537.263/0001-66;2023-12-31;1;ALLPARK EMPREENDIMENTOS, PARTICIPAÇÕES E SERVIÇOS S.A.;024953;DF Consolidado - Demonstração do Fluxo de Caixa (Método Direto);REAL;MIL;PENÚLTIMO;2022-01-01;2022-12-31;6.03;Caixa Líquido Atividades de Financiamento;-280453.0000000000;S
60.537.263/0001-66;2023-12-31;1;ALLPARK EMPREENDIMENTOS, PARTICIPAÇÕES E SERVIÇOS S.A.;024953;DF Consolidado - Demonstração do Fluxo de Caixa (Método Direto);REAL;MIL;ÚLTIMO;2023-01-01;2023-12-31;6.03;Caixa Líquido Atividades de Financiamento;-297191.0000000000;S
60.537.263/0001-66;2023-12-31;1;ALLPARK EMPREENDIMENTOS, PARTICIPAÇÕES E SERVIÇOS S.A.;024953;DF Consolidado - Demonstração do Fluxo de Caixa (Método Direto);REAL;MIL;PENÚLTIMO;2022-01-01;2022-12-31;6.04;Variação Cambial s/ Caixa e Equivalentes;0.0000000000;S
60.537.263/0001-66;2023-12-31;1;ALLPARK EMPREENDIMENTOS, PARTICIPAÇÕES E SERVIÇOS S.A.;024953;DF Consolidado - Demonstração do Fluxo de Caixa (Método Direto);REAL;MIL;ÚLTIMO;2023-01-01;2023-12-31;6.04;Variação Cambial s/ Caixa e Equivalentes;0.0000000000;S
60.537.263/0001-66;2023-12-31;1;ALLPARK EMPREENDIMENTOS, PARTICIPAÇÕES E SERVIÇOS S.A.;024953;DF Consolidado - Demonstração do Fluxo de Caixa (Método Direto);REAL;MIL;PENÚLTIMO;2022-01-01;2022-12-31;6.05;Aumento (Redução) de Caixa e Equivalentes;41013.0000000000;S
60.537.263/0001-66;2023-12-31;1;ALLPARK EMPREENDIMENTOS, PARTICIPAÇÕES E SERVIÇOS S.A.;024953;DF Consolidado - Demonstração do Fluxo de Caixa (Método Direto);REAL;MIL;ÚLTIMO;2023-01-01;2023-12-31;6.05;Aumento (Redução) de Caixa e Equivalentes;52111.0000000000;S
60.537.263/0001-66;2023-12-31;1;ALLPARK EMPREENDIMENTOS, PARTICIPAÇÕES E SERVIÇOS S.A.;024953;DF Consolidado - Demonstração do Fluxo de Caixa (Método Direto);REAL;MIL;PENÚLTIMO;2022-01-01;2022-12-31;6.05.01;Saldo Inicial de Caixa e Equivalentes;96400.0000000000;S
60.537.263/0001-66;2023-12-31;1;ALLPARK EMPREENDIMENTOS, PARTICIPAÇÕES E SERVIÇOS S.A.;024953;DF Consolidado - Demonstração do Fluxo de Caixa (Método Direto);REAL;MIL;ÚLTIMO;2023-01-01;2023-12-31;6.05.01;Saldo Inicial de Caixa e Equivalentes;137413.0000000000;S
60.537.263/0001-66;2023-12-31;1;ALLPARK EMPREENDIMENTOS, PARTICIPAÇÕES E SERVIÇOS S.A.;024953;DF Consolidado - Demonstração do Fluxo de Caixa (Método Direto);REAL;MIL;PENÚLTIMO;2022-01-01;2022-12-31;6.05.02;Saldo Final de Caixa e Equivalentes;137413.0000000000;S
60.537.263/0001-66;2023-12-31;1;ALLPARK EMPREENDIMENTOS, PARTICIPAÇÕES E SERVIÇOS S.A.;024953;DF Consolidado - Demonstração do Fluxo de Caixa (Método Direto);REAL;MIL;ÚLTIMO;2023-01-01;2023-12-31;6.05.02;Saldo Final de Caixa e Equivalentes;189524.0000000000;S
62.144.175/0001-20;2023-12-31;3;BCO PINE S.A;020567;DF Consolidado - Demonstração do Fluxo de Caixa (Método Direto);REAL;MIL;PENÚLTIMO;2022-01-01;2022-12-31;6.01;Caixa Líquido Atividades Operacionais;-129166.0000000000;S
62.144.175/0001-20;2023-12-31;3;BCO PINE S.A;020567;DF Consolidado - Demonstração do Fluxo de Caixa (Método Direto);REAL;MIL;ÚLTIMO;2023-01-01;2023-12-31;6.01;Caixa Líquido Atividades Operacionais;-202008.0000000000;S
62.144.175/0001-20;2023-12-31;3;BCO PINE S.A;020567;DF Consolidado - Demonstração do Fluxo de Caixa (Método Direto);REAL;MIL;PENÚLTIMO;2022-01-01;2022-12-31;6.01.01;Caixa Gerado nas Operações;116481.0000000000;N
62.144.175/0001-20;2023-12-31;3;BCO PINE S.A;020567;DF Consolidado - Demonstração do Fluxo de Caixa (Método Direto);REAL;MIL;ÚLTIMO;2023-01-01;2023-12-31;6.01.01;Caixa Gerado nas Operações;243902.0000000000;N
62.144.175/0001-20;2023-12-31;3;BCO PINE S.A;020567;DF Consolidado - Demonstração do Fluxo de Caixa (Método Direto);REAL;MIL;PENÚLTIMO;2022-01-01;2022-12-31;6.01.02;Variações nos Ativos e Passivos;-245647.0000000000;N
62.144.175/0001-20;2023-12-31;3;BCO PINE S.A;020567;DF Consolidado - Demonstração do Fluxo de Caixa (Método Direto);REAL;MIL;ÚLTIMO;2023-01-01;2023-12-31;6.01.02;Variações nos Ativos e Passivos;-445910.0000000000;N
62.144.175/0001-20;2023-12-31;3;BCO PINE S.A;020567;DF Consolidado - Demonstração do Fluxo de Caixa (Método Direto);REAL;MIL;PENÚLTIMO;2022-01-01;2022-12-31;6.01.03;Outros;0.0000000000;N
62.144.175/0001-20;2023-12-31;3;BCO PINE S.A;020567;DF Consolidado - Demonstração do Fluxo de Caixa (Método Direto);REAL;MIL;ÚLTIMO;2023-01-01;2023-12-31;6.01.03;Outros;0.0000000000;N
62.144.175/0001-20;2023-12-31;3;BCO PINE S.A;020567;DF Consolidado - Demonstração do Fluxo de Caixa (Método Direto);REAL;MIL;PENÚLTIMO;2022-01-01;2022-12-31;6.02;Caixa Líquido Atividades de Investimento;-5118.0000000000;S
62.144.175/0001-20;2023-12-31;3;BCO PINE S.A;020567;DF Consolidado - Demonstração do Fluxo de Caixa (Método Direto);REAL;MIL;ÚLTIMO;2023-01-01;2023-12-31;6.02;Caixa Líquido Atividades de Investimento;-22183.0000000000;S
62.144.175/0001-20;2023-12-31;3;BCO PINE S.A;020567;DF Consolidado - Demonstração do Fluxo de Caixa (Método Direto);REAL;MIL;PENÚLTIMO;2022-01-01;2022-12-31;6.02.02;(Aquisição) de Imobilizado de uso;-5118.0000000000;N
62.144.175/0001-20;2023-12-31;3;BCO PINE S.A;020567;DF Consolidado - Demonstração do Fluxo de Caixa (Método Direto);REAL;MIL;ÚLTIMO;2023-01-01;2023-12-31;6.02.02;(Aquisição) de Imobilizado de uso;-22183.0000000000;N
62.144.175/0001-20;2023-12-31;3;BCO PINE S.A;020567;DF Consolidado - Demonstração do Fluxo de Caixa (Método Direto);REAL;MIL;PENÚLTIMO;2022-01-01;2022-12-31;6.02.03;(Aquisição) do Intangivel;0.0000000000;N
62.144.175/0001-20;2023-12-31;3;BCO PINE S.A;020567;DF Consolidado - Demonstração do Fluxo de Caixa (Método Direto);REAL;MIL;ÚLTIMO;2023-01-01;2023-12-31;6.02.03;(Aquisição) do Intangivel;0.0000000000;N
62.144.175/0001-20;2023-12-31;3;BCO PINE S.A;020567;DF Consolidado - Demonstração do Fluxo de Caixa (Método Direto);REAL;MIL;PENÚLTIMO;2022-01-01;2022-12-31;6.02.04;(Aquisição) / Alienação de propriedade para investimento;0.0000000000;N
62.144.175/0001-20;2023-12-31;3;BCO PINE S.A;020567;DF Consolidado - Demonstração do Fluxo de Caixa (Método Direto);REAL;MIL;ÚLTIMO;2023-01-01;2023-12-31;6.02.04;(Aquisição) / Alienação de propriedade para investimento;0.0000000000;N
62.144.175/0001-20;2023-12-31;3;BCO PINE S.A;020567;DF Consolidado - Demonstração do Fluxo de Caixa (Método Direto);REAL;MIL;PENÚLTIMO;2022-01-01;2022-12-31;6.02.05;Aumento/Redução de capital em controladas;0.0000000000;N
62.144.175/0001-20;2023-12-31;3;BCO PINE S.A;020567;DF Consolidado - Demonstração do Fluxo de Caixa (Método Direto);REAL;MIL;ÚLTIMO;2023-01-01;2023-12-31;6.02.05;Aumento/Redução de capital em controladas;0.0000000000;N
62.144.175/0001-20;2023-12-31;3;BCO PINE S.A;020567;DF Consolidado - Demonstração do Fluxo de Caixa (Método Direto);REAL;MIL;PENÚLTIMO;2022-01-01;2022-12-31;6.02.06;Aquisição/Alienação de investimentos em coligadas e controladas;0.0000000000;N
62.144.175/0001-20;2023-12-31;3;BCO PINE S.A;020567;DF Consolidado - Demonstração do Fluxo de Caixa (Método Direto);REAL;MIL;ÚLTIMO;2023-01-01;2023-12-31;6.02.06;Aquisição/Alienação de investimentos em coligadas e controladas;0.0000000000;N
62.144.175/0001-20;2023-12-31;3;BCO PINE S.A;020567;DF Consolidado - Demonstração do Fluxo de Caixa (Método Direto);REAL;MIL;PENÚLTIMO;2022-01-01;2022-12-31;6.02.07;Ativos Financeiros ao valor justo por meio de outros resultados abrangentes (VJORA);0.0000000000;N
62.144.175/0001-20;2023-12-31;3;BCO PINE S.A;020567;DF Consolidado - Demonstração do Fluxo de Caixa (Método Direto);REAL;MIL;ÚLTIMO;2023-01-01;2023-12-31;6.02.07;Ativos Financeiros ao valor justo por meio de outros resultados abrangentes (VJORA);0.0000000000;N
62.144.175/0001-20;2023-12-31;3;BCO PINE S.A;020567;DF Consolidado - Demonstração do Fluxo de Caixa (Método Direto);REAL;MIL;PENÚLTIMO;2022-01-01;2022-12-31;6.03;Caixa Líquido Atividades de Financiamento;133167.0000000000;S
62.144.175/0001-20;2023-12-31;3;BCO PINE S.A;020567;DF Consolidado - Demonstração do Fluxo de Caixa (Método Direto);REAL;MIL;ÚLTIMO;2023-01-01;2023-12-31;6.03;Caixa Líquido Atividades de Financiamento;111870.0000000000;S
62.144.175/0001-20;2023-12-31;3;BCO PINE S.A;020567;DF Consolidado - Demonstração do Fluxo de Caixa (Método Direto);REAL;MIL;PENÚLTIMO;2022-01-01;2022-12-31;6.03.01;Dividendos / Juros Acionistas;0.0000000000;N
62.144.175/0001-20;2023-12-31;3;BCO PINE S.A;020567;DF Consolidado - Demonstração do Fluxo de Caixa (Método Direto);REAL;MIL;ÚLTIMO;2023-01-01;2023-12-31;6.03.01;Dividendos / Juros Acionistas;-25710.0000000000;N
62.144.175/0001-20;2023-12-31;3;BCO PINE S.A;020567;DF Consolidado - Demonstração do Fluxo de Caixa (Método Direto);REAL;MIL;PENÚLTIMO;2022-01-01;2022-12-31;6.03.02;Aquisições líquida de ações em tesouraria;0.0000000000;N
62.144.175/0001-20;2023-12-31;3;BCO PINE S.A;020567;DF Consolidado - Demonstração do Fluxo de Caixa (Método Direto);REAL;MIL;ÚLTIMO;2023-01-01;2023-12-31;6.03.02;Aquisições líquida de ações em tesouraria;-6844.0000000000;N
62.144.175/0001-20;2023-12-31;3;BCO PINE S.A;020567;DF Consolidado - Demonstração do Fluxo de Caixa (Método Direto);REAL;MIL;PENÚLTIMO;2022-01-01;2022-12-31;6.03.03;Aumento (Redução) Dívidas subordinadas;71913.0000000000;N
62.144.175/0001-20;2023-12-31;3;BCO PINE S.A;020567;DF Consolidado - Demonstração do Fluxo de Caixa (Método Direto);REAL;MIL;ÚLTIMO;2023-01-01;2023-12-31;6.03.03;Aumento (Redução) Dívidas subordinadas;143754.0000000000;N
62.144.175/0001-20;2023-12-31;3;BCO PINE S.A;020567;DF Consolidado - Demonstração do Fluxo de Caixa (Método Direto);REAL;MIL;PENÚLTIMO;2022-01-01;2022-12-31;6.03.04;Aumento de Capital;61254.0000000000;N
62.144.175/0001-20;2023-12-31;3;BCO PINE S.A;020567;DF Consolidado - Demonstração do Fluxo de Caixa (Método Direto);REAL;MIL;ÚLTIMO;2023-01-01;2023-12-31;6.03.04;Aumento de Capital;670.0000000000;N
62.144.175/0001-20;2023-12-31;3;BCO PINE S.A;020567;DF Consolidado - Demonstração do Fluxo de Caixa (Método Direto);REAL;MIL;PENÚLTIMO;2022-01-01;2022-12-31;6.03.05;Agio por Subscrição de Ações;0.0000000000;N
62.144.175/0001-20;2023-12-31;3;BCO PINE S.A;020567;DF Consolidado - Demonstração do Fluxo de Caixa (Método Direto);REAL;MIL;ÚLTIMO;2023-01-01;2023-12-31;6.03.05;Agio por Subscrição de Ações;0.0000000000;N
62.144.175/0001-20;2023-12-31;3;BCO PINE S.A;020567;DF Consolidado - Demonstração do Fluxo de Caixa (Método Direto);REAL;MIL;PENÚLTIMO;2022-01-01;2022-12-31;6.03.06;Cancelamento de ações em tesouraria;0.0000000000;N
62.144.175/0001-20;2023-12-31;3;BCO PINE S.A;020567;DF Consolidado - Demonstração do Fluxo de Caixa (Método Direto);REAL;MIL;ÚLTIMO;2023-01-01;2023-12-31;6.03.06;Cancelamento de ações em tesouraria;0.0000000000;N
62.144.175/0001-20;2023-12-31;3;BCO PINE S.A;020567;DF Consolidado - Demonstração do Fluxo de Caixa (Método Direto);REAL;MIL;PENÚLTIMO;2022-01-01;2022-12-31;6.04;Variação Cambial s/ Caixa e Equivalentes;-9926.0000000000;S
62.144.175/0001-20;2023-12-31;3;BCO PINE S.A;020567;DF Consolidado - Demonstração do Fluxo de Caixa (Método Direto);REAL;MIL;ÚLTIMO;2023-01-01;2023-12-31;6.04;Variação Cambial s/ Caixa e Equivalentes;16625.0000000000;S
62.144.175/0001-20;2023-12-31;3;BCO PINE S.A;020567;DF Consolidado - Demonstração do Fluxo de Caixa (Método Direto);REAL;MIL;PENÚLTIMO;2022-01-01;2022-12-31;6.05;Aumento (Redução) de Caixa e Equivalentes;-11043.0000000000;S
62.144.175/0001-20;2023-12-31;3;BCO PINE S.A;020567;DF Consolidado - Demonstração do Fluxo de Caixa (Método Direto);REAL;MIL;ÚLTIMO;2023-01-01;2023-12-31;6.05;Aumento (Redução) de Caixa e Equivalentes;-95696.0000000000;S
62.144.175/0001-20;2023-12-31;3;BCO PINE S.A;020567;DF Consolidado - Demonstração do Fluxo de Caixa (Método Direto);REAL;MIL;PENÚLTIMO;2022-01-01;2022-12-31;6.05.01;Saldo Inicial de Caixa e Equivalentes;312602.0000000000;S
62.144.175/0001-20;2023-12-31;3;BCO PINE S.A;020567;DF Consolidado - Demonstração do Fluxo de Caixa (Método Direto);REAL;MIL;ÚLTIMO;2023-01-01;2023-12-31;6.05.01;Saldo Inicial de Caixa e Equivalentes;301559.0000000000;S
62.144.175/0001-20;2023-12-31;3;BCO PINE S.A;020567;DF Consolidado - Demonstração do Fluxo de Caixa (Método Direto);REAL;MIL;PENÚLTIMO;2022-01-01;2022-12-31;6.05.02;Saldo Final de Caixa e Equivalentes;301559.0000000000;S
62.144.175/0001-20;2023-12-31;3;BCO PINE S.A;020567;DF Consolidado - Demonstração do Fluxo de Caixa (Método Direto);REAL;MIL;ÚLTIMO;2023-01-01;2023-12-31;6.05.02;Saldo Final de Caixa e Equivalentes;205863.0000000000;S
90.400.888/0001-42;2023-12-31;2;BCO SANTANDER (BRASIL) S.A.;020532;DF Consolidado - Demonstração do Fluxo de Caixa (Método Direto);REAL;MIL;PENÚLTIMO;2022-01-01;2022-12-31;6.01;Caixa Líquido Atividades Operacionais;6847026.0000000000;S
90.400.888/0001-42;2023-12-31;2;BCO SANTANDER (BRASIL) S.A.;020532;DF Consolidado - Demonstração do Fluxo de Caixa (Método Direto);REAL;MIL;ÚLTIMO;2023-01-01;2023-12-31;6.01;Caixa Líquido Atividades Operacionais;36626529.0000000000;S
90.400.888/0001-42;2023-12-31;2;BCO SANTANDER (BRASIL) S.A.;020532;DF Consolidado - Demonstração do Fluxo de Caixa (Método Direto);REAL;MIL;PENÚLTIMO;2022-01-01;2022-12-31;6.01.01;Lucro ou Prejuízo Líquido antes dos Tributos sobre o Lucro;14339475.0000000000;N
90.400.888/0001-42;2023-12-31;2;BCO SANTANDER (BRASIL) S.A.;020532;DF Consolidado - Demonstração do Fluxo de Caixa (Método Direto);REAL;MIL;ÚLTIMO;2023-01-01;2023-12-31;6.01.01;Lucro ou Prejuízo Líquido antes dos Tributos sobre o Lucro;9498812.0000000000;N
90.400.888/0001-42;2023-12-31;2;BCO SANTANDER (BRASIL) S.A.;020532;DF Consolidado - Demonstração do Fluxo de Caixa (Método Direto);REAL;MIL;PENÚLTIMO;2022-01-01;2022-12-31;6.01.02;Ajustes ao Lucro ou Prejuízo;50774841.0000000000;N
90.400.888/0001-42;2023-12-31;2;BCO SANTANDER (BRASIL) S.A.;020532;DF Consolidado - Demonstração do Fluxo de Caixa (Método Direto);REAL;MIL;ÚLTIMO;2023-01-01;2023-12-31;6.01.02;Ajustes ao Lucro ou Prejuízo;5982753.0000000000;N
90.400.888/0001-42;2023-12-31;2;BCO SANTANDER (BRASIL) S.A.;020532;DF Consolidado - Demonstração do Fluxo de Caixa (Método Direto);REAL;MIL;PENÚLTIMO;2022-01-01;2022-12-31;6.01.03;Variações nos Ativos e Passivos;-58267290.0000000000;N
90.400.888/0001-42;2023-12-31;2;BCO SANTANDER (BRASIL) S.A.;020532;DF Consolidado - Demonstração do Fluxo de Caixa (Método Direto);REAL;MIL;ÚLTIMO;2023-01-01;2023-12-31;6.01.03;Variações nos Ativos e Passivos;21144964.0000000000;N
90.400.888/0001-42;2023-12-31;2;BCO SANTANDER (BRASIL) S.A.;020532;DF Consolidado - Demonstração do Fluxo de Caixa (Método Direto);REAL;MIL;PENÚLTIMO;2022-01-01;2022-12-31;6.02;Caixa Líquido Atividades de Investimento;-2705289.0000000000;S
90.400.888/0001-42;2023-12-31;2;BCO SANTANDER (BRASIL) S.A.;020532;DF Consolidado - Demonstração do Fluxo de Caixa (Método Direto);REAL;MIL;ÚLTIMO;2023-01-01;2023-12-31;6.02;Caixa Líquido Atividades de Investimento;-2580315.0000000000;S
90.400.888/0001-42;2023-12-31;2;BCO SANTANDER (BRASIL) S.A.;020532;DF Consolidado - Demonstração do Fluxo de Caixa (Método Direto);REAL;MIL;PENÚLTIMO;2022-01-01;2022-12-31;6.03;Caixa Líquido Atividades de Financiamento;12754848.0000000000;S
90.400.888/0001-42;2023-12-31;2;BCO SANTANDER (BRASIL) S.A.;020532;DF Consolidado - Demonstração do Fluxo de Caixa (Método Direto);REAL;MIL;ÚLTIMO;2023-01-01;2023-12-31;6.03;Caixa Líquido Atividades de Financiamento;5817953.0000000000;S
90.400.888/0001-42;2023-12-31;2;BCO SANTANDER (BRASIL) S.A.;020532;DF Consolidado - Demonstração do Fluxo de Caixa (Método Direto);REAL;MIL;PENÚLTIMO;2022-01-01;2022-12-31;6.04;Efeitos de Variação Cambial s/ Caixa e Equivalentes;0.0000000000;S
90.400.888/0001-42;2023-12-31;2;BCO SANTANDER (BRASIL) S.A.;020532;DF Consolidado - Demonstração do Fluxo de Caixa (Método Direto);REAL;MIL;ÚLTIMO;2023-01-01;2023-12-31;6.04;Efeitos de Variação Cambial s/ Caixa e Equivalentes;-11741.0000000000;S
90.400.888/0001-42;2023-12-31;2;BCO SANTANDER (BRASIL) S.A.;020532;DF Consolidado - Demonstração do Fluxo de Caixa (Método Direto);REAL;MIL;PENÚLTIMO;2022-01-01;2022-12-31;6.05;Aumento (Redução) de Caixa e Equivalentes;16896585.0000000000;S
90.400.888/0001-42;2023-12-31;2;BCO SANTANDER (BRASIL) S.A.;020532;DF Consolidado - Demonstração do Fluxo de Caixa (Método Direto);REAL;MIL;ÚLTIMO;2023-01-01;2023-12-31;6.05;Aumento (Redução) de Caixa e Equivalentes;39852426.0000000000;S
90.400.888/0001-42;2023-12-31;2;BCO SANTANDER (BRASIL) S.A.;020532;DF Consolidado - Demonstração do Fluxo de Caixa (Método Direto);REAL;MIL;PENÚLTIMO;2022-01-01;2022-12-31;6.05.01;Saldo Inicial de Caixa e Equivalentes;32668749.0000000000;S
90.400.888/0001-42;2023-12-31;2;BCO SANTANDER (BRASIL) S.A.;020532;DF Consolidado - Demonstração do Fluxo de Caixa (Método Direto);REAL;MIL;ÚLTIMO;2023-01-01;2023-12-31;6.05.01;Saldo Inicial de Caixa e Equivalentes;49565334.0000000000;S
90.400.888/0001-42;2023-12-31;2;BCO SANTANDER (BRASIL) S.A.;020532;DF Consolidado - Demonstração do Fluxo de Caixa (Método Direto);REAL;MIL;PENÚLTIMO;2022-01-01;2022-12-31;6.05.02;Saldo Final de Caixa e Equivalentes;49565334.0000000000;S
90.400.888/0001-42;2023-12-31;2;BCO SANTANDER (BRASIL) S.A.;020532;DF Consolidado - Demonstração do Fluxo de Caixa (Método Direto);REAL;MIL;ÚLTIMO;2023-01-01;2023-12-31;6.05.02;Saldo Final de Caixa e Equivalentes;89417760.0000000000;S
